序号,汉字,拼音,词语1,词语2,词语3
1,阿,ā,阿斗,阿飞,阿訇
2,啊,ā,啊呀,啊哈,啊哟
3,哎,āi,哎呀,哎哟,令人作哎
4,哀,āi,哀悼,哀叫,哀号
5,唉,āi,唉声叹气,唉呀,
6,埃,āi,尘埃,涓埃,埃根
7,挨,āi,挨户,挨家,挨近
8,癌,ái,癌症,肠癌,胃癌
9,矮,ǎi,矮小,低矮,矮矮
10,艾,ài,艾草,艾灸,艾滋病
11,爱,ài,爱戴,爱抚,爱国
12,碍,ài,碍事,妨碍,障碍
13,安,ān,安保,安抚,安静
14,氨,ān,氨合,氨化,氨基
15,俺,ǎn,俺们,,
16,岸,àn,岸炮,彼岸,堤岸
17,按,àn,按理,按摩,按钮
18,案,àn,案牍,案件,案情
19,暗,àn,暗礁,暗示,暗喻
20,昂,áng,昂贵,高昂,慷慨激昂
21,凹,āo,凹凸,凹版,凹进
22,熬,áo,煎熬,难熬,熬煎
23,傲,ào,傲慢,傲视,孤傲
24,奥,ào,奥妙,深奥,玄奥
25,澳,ào,澳抗,澳门,澳洲
26,八,bā,八成,八点,八卦
27,巴,bā,巴巴,巴结,巴士
28,叭,bā,喇叭,喇叭花,喇叭裤
29,吧,ba,好吧,酒吧,看吧
30,拔,bá,拔缝,拔河,拔尖
31,把,bǎ,把柄,把持,把妹
32,坝,bà,大坝,堤坝,水坝
33,爸,bà,爸爸,老爸,阿爸
34,罢,bà,罢黜,罢工,罢了
35,霸,bà,霸道,恶霸,霸气
36,白,bái,白板,白痴,白醋
37,百,bǎi,百分,百货,百科
38,柏,bǎi,柏木,柏树,柏油
39,摆,bǎi,摆布,摆动,摆供
40,败,bài,败北,败将,败仗
41,拜,bài,鳌拜,拜访,拜祭
42,班,bān,班长,倒班,航班
43,般,bān,般若,一般,如此这般
44,颁,bān,颁布,颁发,颁奖
45,斑,bān,斑驳,斑点,斑鸠
46,搬,bān,搬兵,搬回,搬家
47,板,bǎn,白板,板壁,板擦
48,版,bǎn,版本,版权,版主
49,办,bàn,办案,办法,办公
50,半,bàn,半岛,半球,半晌
51,伴,bàn,伴侣,伴宿,伴随
52,扮,bàn,扮演,打扮,装扮
53,瓣,bàn,豆瓣,花瓣,心瓣
54,邦,bāng,邦国,番邦,联邦
55,帮,bāng,帮忙,帮派,帮手
56,膀,bǎng,臂膀,翅膀,肩膀
57,傍,bàng,傍晚,傍黑,傍水
58,棒,bàng,棒槌,棒球,捣棒
59,包,bāo,包办,包袱,包裹
60,胞,bāo,胞胎,同胞,细胞
61,宝,bǎo,宝宝,宝贝,宝刹
62,饱,bǎo,饱和,饱满,吃饱
63,保,bǎo,安保,保镖,保持
64,堡,bǎo,堡垒,城堡,碉堡
65,报,bào,报仇,报酬,报导
66,抱,bào,抱负,抱朴,抱歉
67,豹,bào,豹纹,海豹,豹猫
68,暴,bào,暴打,暴跌,暴君
69,爆,bào,爆发,爆料,爆破
70,卑,bēi,卑鄙,卑劣,卑微
71,杯,bēi,杯葛,杯子,茶杯
72,悲,bēi,悲哀,悲惨,悲怆
73,碑,bēi,碑帖,碑文,镌碑
74,北,běi,败北,北边,北部
75,贝,bèi,宝贝,贝壳,扇贝
76,备,bèi,备案,备取,备受
77,背,bèi,背书,背包,背后
78,倍,bèi,两倍,一倍,精神百倍
79,被,bèi,被单,被盗,被动
80,辈,bèi,辈出,辈行,辈子
81,奔,bēn,奔波,奔驰,奔雷
82,本,běn,版本,本地,本国
83,崩,bēng,崩溃,崩症,山崩
84,逼,bī,逼供,逼近,逼迫
85,鼻,bí,鼻尖,鼻梁,鼻毛
86,比,bǐ,比分,比附,比较
87,彼,bǐ,彼岸,彼此,此起彼伏
88,笔,bǐ,笔杆,笔供,笔画
89,币,bì,货币,钱币,铜币
90,必,bì,必读,必然,必须
91,毕,bì,毕竟,毕肖,毕业
92,闭,bì,闭门,倒闭,封闭
93,辟,bì,辟邪,复辟,精辟
94,碧,bì,碧绿,碧玉,澄碧
95,蔽,bì,蒙蔽,蒙蔽,屏蔽
96,壁,bì,板壁,壁橱,壁虎
97,避,bì,避开,避免,躲避
98,臂,bì,臂膀,胳臂,攘臂
99,边,biān,北边,边防,边际
100,编,biān,编出,编号,编辑
101,蝙,biān,蝙蝠,蝙蝠气球,蝙蝠肉翅
102,鞭,biān,鞭爆,鞭策,鞭笞
103,扁,biǎn,扁平,扁舟,踩扁
104,便,biàn,便当,便服,便笺
105,变,biàn,变成,变动,变更
106,遍,biàn,遍布,遍地,传遍
107,辨,biàn,辨白,辨别,辨认
108,辩,biàn,辩白,辩护,辩解
109,标,biāo,标本,标的,标签
110,表,biǎo,表白,表达,表带
111,别,bié,辨别,别处,别的
112,宾,bīn,宾馆,宾客,宾雀
113,滨,bīn,滨海,滨河,滨湖
114,冰,bīng,刨冰,冰雹,冰岛
115,兵,bīng,搬兵,兵戎,兵役
116,丙,bǐng,丙辰,丙基,丙申
117,柄,bǐng,把柄,话柄,剑柄
118,饼,bǐng,薄饼,饼干,糕饼
119,并,bìng,并不,并非,并且
120,病,bìng,弊病,病夫,病患
121,拨,bō,拨打,拨号,拨弄
122,波,bō,奔波,波动,波澜
123,玻,bō,玻璃,玻璃碴,玻璃杯
124,剥,bō,剥壳,剥皮,剥夺
125,播,bō,播报,播出,播发
126,脖,bó,脖子,梗着脖子,卡脖子
127,伯,bó,伯伯,伯父,伯劳
128,驳,bó,斑驳,驳斥,反驳
129,泊,pō,泊位,淡泊,湖泊
130,勃,bó,勃然大怒,蓬勃发展,兴致勃勃
131,博,bó,博爱,博客,博取
132,搏,bó,搏斗,搏拊,脉搏
133,膊,bó,赤膊,胳膊,赤膊上阵
134,薄,báo,薄薄,薄饼,薄片
135,卜,bo,卜卦,卜筮,卜者
136,补,bǔ,补偿,补充,补丁
137,捕,bǔ,捕获,捕食,捕鱼
138,不,bù,并不,不必,不便
139,布,bù,摆布,颁布,遍布
140,步,bù,步调,步枪,步行
141,部,bù,北部,部队,部分
142,擦,cā,板擦,擦掉,擦干
143,猜,cāi,猜谜,猜拳,猜想
144,才,cái,才华,才力,才能
145,材,cái,材料,菲材,棺材
146,财,cái,财报,财阀,财富
147,裁,cái,裁缝,裁减,裁决
148,釆,cǎi,采花,采蜜,采摘
149,彩,cǎi,彩带,彩虹,彩券
150,踩,cǎi,踩扁,踩踏,踩点
151,菜,cài,菠菜,菜单,菜刀
152,蔡,cài,蔡飞雨,蔡思涛,蔡小雀
153,参,cān,参禅,参观,参加
154,餐,cān,餐车,餐馆,餐厅
155,残,cán,残废,残骸,残疾
156,蚕,cán,蚕豆,蚕茧,蚕丝
157,惨,cǎn,悲惨,惨案,惨白
158,灿,càn,灿烂,灿然,光灿
159,仓,cāng,仓庚,仓颉,仓库
160,苍,cāng,苍白,苍劲,苍鹭
161,舱,cāng,舱壁,舱单,舱口
162,藏,cáng,宝藏,藏匿,藏掖
163,操,cāo,操场,操持,操刀
164,曹,cáo,吾曹,曹操,尔曹
165,槽,cáo,倒槽,溜槽,切槽
166,草,cǎo,艾草,稗草,草本
167,册,cè,册子,手册,注册
168,侧,cè,侧柏,侧面,侧重
169,测,cè,测定,测谎,测量
170,策,cè,鞭策,策划,策略
171,层,céng,层次,层面,低层
172,叉,chā,叉儿,叉腰,叉子
173,插,chā,插播,插曲,插入
174,查,chá,查出,查点,查封
175,茶,chá,焙茶,茶瓯,茶杯
176,察,chá,察觉,督察,观察
177,差,chà,参差,差别,差池
178,拆,chāi,拆穿,拆开,拆迁
179,柴,chái,柴堆,柴火,柴油
180,缠,chán,缠绵,缠绕,缠足
181,产,chǎn,产检,产品,产业
182,阐,chǎn,阐发,阐明,阐释
183,颤,chàn,颤动,颤抖,打颤
184,昌,chāng,昌盛,武昌鱼,昌隆
185,长,zhǎng,班长,财长,长城
186,肠,cháng,肠癌,肠道,肠胃
187,尝,cháng,尝试,尝鲜,品尝
188,偿,cháng,补偿,偿还,赔偿
189,常,cháng,常常,常规,常客
190,厂,chǎng,厂房,厂商,厂长
191,场,chǎng,靶场,操场,场屋
192,畅,chàng,畅达,畅怀,畅快
193,倡,chàng,倡导,倡始,倡议
194,唱,chàng,唱词,唱碟,唱歌
195,抄,chāo,抄本,抄家,抄手
196,超,chāo,超标,超过,超好
197,巢,cháo,巢穴,匪巢,鸟巢
198,朝,cháo,朝拜,朝北,朝臣
199,潮,cháo,潮差,潮锋,潮幅
200,吵,chǎo,吵架,吵闹,吵醒
201,炒,chǎo,炒菜,炒面,炒作
202,车,chē,扒车,飙车,餐车
203,扯,chě,扯谈,拉扯,撕扯
204,彻,chè,彻底,贯彻,响彻
205,撤,chè,撤离,撤退,裁撤
206,尘,chén,尘埃,尘土,掸尘
207,臣,chén,朝臣,臣妾,奸臣
208,沉,chén,沉淀,沉降,沉沦
209,陈,chén,陈腐,陈旧,陈列
210,晨,chén,晨昏,晨练,晨曦
211,衬,chèn,衬衫,衬托,陪衬
212,称,chēng,称呼,称奇,称颂
213,趁,chèn,趁机,趁热,趁虚而入
214,撑,chēng,撑伞,力撑,支撑
215,成,chéng,八成,变成,成本
216,呈,chéng,呈现,报呈,呈报
217,承,chéng,秉承,承办,承办
218,诚,chéng,诚恳,诚实,诚信
219,城,chéng,长城,城堡,城隍
220,乘,chéng,乘槎,乘客,乘凉
221,惩,chéng,惩办,惩处,惩罚
222,程,chéng,程度,单程,方程
223,橙,chéng,橙汁,柳橙,柳橙汁
224,吃,chī,吃饱,吃醋,吃饭
225,池,chí,差池,池塘,池沼
226,驰,chí,奔驰,驰骋,驰名
227,迟,chí,迟钝,迟暮,迟疑
228,持,chí,把持,保持,秉持
229,匙,shi,羹匙,锁匙,汤匙
230,尺,chǐ,尺牍,尺度,矩尺
231,齿,chǐ,齿轮,恒齿,锯齿
232,斥,chì,驳斥,嗔斥,斥责
233,赤,chì,赤膊,赤佬,赤裸
234,翅,chì,翅膀,鸡翅,鱼翅
235,充,chōng,补充,充斥,充当
236,冲,chōng,冲刺,冲淡,冲荡
237,虫,chóng,虫鸣,虫牙,虫蛀
238,崇,chóng,崇拜,崇高,崇奉
239,抽,chōu,抽查,抽搐,抽搭
240,仇,chóu,报仇,仇敌,仇恨
241,绸,chóu,绸缎,府绸,莨绸
242,愁,chóu,愁惨,愁闷,解愁
243,筹,chóu,筹备,筹措,筹款
244,酬,chóu,报酬,薄酬,酬报
245,丑,chǒu,丑化,丑角,丑陋
246,瞅,chǒu,瞅见,瞅着,不瞅不睬
247,臭,chòu,臭骂,臭美,臭名
248,出,chū,辈出,编出,播出
249,初,chū,初步,初次,初级
250,除,chú,摈除,铲除,除非
251,厨,chú,厨房,厨师,下厨
252,础,chǔ,基础,打下基础,础泣而雨
253,储,chǔ,储备,储藏,储存
254,楚,chǔ,苦楚,翘楚,清楚
255,处,chù,别处,惩处,处罚
256,触,chù,触电,触动,触礁
257,川,chuān,川谷,银川,百川归海
258,穿,chuān,拆穿,穿插,穿孔
259,传,chuán,传遍,传播,传出
260,船,chuán,船舶,船埠,船舱
261,喘,chuǎn,喘气,喘息,哮喘
262,串,chuàn,串供,串通,字串
263,窗,chuāng,车窗,橱窗,窗户
264,床,chuáng,刨床,车床,床单
265,闯,chuǎng,闯祸,闯将,闯劲
266,创,chuàng,创伤,创办,创建
267,吹,chuī,吹笛,吹风,吹牛
268,垂,chuí,垂帘,垂纶,垂髫
269,锤,chuí,锤打,锤子,捣锤
270,春,chūn,春点,春寒,春季
271,纯,chún,纯粹,纯朴,单纯
272,唇,chún,唇典,唇点,唇膏
273,醇,chún,醇厚,甘醇,氨基醇
274,词,cí,唱词,词典,词汇
275,瓷,cí,瓷器,瓷实,搪瓷
276,慈,cí,慈悲,慈母,慈禧
277,辞,cí,辞典,辞官,辞世
278,磁,cí,磁场,磁带,磁石
279,雌,cí,雌蕊,雌雄,雌蜂
280,此,cǐ,彼此,此处,此次
281,次,cì,层次,场次,初次
282,刺,cì,冲刺,刺激,刺客
283,匆,cōng,匆遽,匆忙,神色匆忙
284,葱,cōng,葱茏,葱茂,葱头
285,聪,cōng,聪慧,聪明,聪明过人
286,从,cóng,不从,从伯,从此
287,丛,cóng,丛林,丛书,草丛
288,凑,còu,凑合,凑数,拼凑
289,粗,cū,粗暴,粗糙,粗犷
290,促,cù,促使,催促,敦促
291,催,cuī,催促,催肥,催泪
292,脆,cuì,绷脆,脆弱,干脆
293,翠,cuì,翠绿,翡翠,吐翠
294,村,cūn,村舍,村庄,农村
295,存,cún,储存,存储,存款
296,寸,cùn,寸步,寸点,寸心
297,措,cuò,筹措,措辞,措施
298,错,cuò,不错,差错,舛错
299,搭,dā,抽搭,搭乘,搭船
300,达,dá,表达,长达,畅达
301,答,dá,答理,答应,答辩
302,打,dǎ,挨打,暴打,拨打
303,大,dà,大坝,大伯,大便
304,呆,dāi,痴呆,呆子,发呆
305,代,dài,朝代,代工,代沟
306,带,dài,扒带,绷带,表带
307,待,dài,待人,等待,对待
308,袋,dài,袋子,口袋,脑袋
309,逮,dǎi,逮捕,逮住,词不逮理
310,戴,dài,爱戴,佩戴,戴高帽
311,丹,dān,丹墀,丹宁,丹田
312,单,dān,被单,菜单,舱单
313,担,dān,担保,担当,担心
314,胆,dǎn,大胆,胆矾,胆敢
315,旦,dàn,旦角,旦夕,一旦
316,但,dàn,不但,但是,但愿如此
317,诞,dàn,诞辰,诞生,怪诞
318,弹,dàn,弹弓,弹壳,弹头
319,淡,dàn,惨淡,冲淡,淡泊
320,蛋,dàn,蛋白,蛋糕,蛋黄
321,氮,dàn,氮肥,氮气,液氮
322,当,dāng,便当,不当,充当
323,挡,dǎng,阻挡,螳臂挡车,摒挡
324,党,dǎng,党派,党旗,党员
325,荡,dàng,冲荡,荡产,荡涤
326,刀,dāo,刨刀,菜刀,操刀
327,导,dǎo,报导,倡导,导板
328,岛,dǎo,半岛,冰岛,岛港
329,倒,dào,打倒,倒把,倒班
330,蹈,dǎo,舞蹈,重蹈覆辙,赴汤蹈火
331,到,dào,到处,到达,到货
332,盗,dào,被盗,盗案,盗版
333,道,dào,霸道,报道,岔道
334,稻,dào,稻草,稻茬,稻秆
335,得,dé,不得,得便,得标
336,德,dé,道德,德惠,德行
337,的,de,标的,别的,打的
338,灯,dēng,灯光,灯笼,灯谜
339,登,dēng,登跐,登记,登录
340,等,děng,差等,差等,等衰
341,邓,dèng,邓公,邓肯,邓小平
342,凳,dèng,板凳,凳子,杌凳
343,瞪,dèng,瞪眼,干瞪眼,目瞪口呆
344,低,dī,贬低,低矮,低层
345,堤,dī,堤岸,堤坝,堤防
346,滴,dī,涓滴,雨滴,滴溜溜
347,迪,dí,迪厅,迪厅,启迪
348,敌,dí,不敌,仇敌,敌人
349,笛,dí,长笛,吹笛,侗笛
350,底,dǐ,彻底,底部,底层
351,抵,dǐ,抵达,抵抗,抵牾
352,地,dì,本地,遍地,场地
353,弟,dì,从弟,弟弟,子弟
354,帝,dì,帝国,帝王,皇帝
355,递,dì,递给,递解,递送
356,第,dì,次第,府第,门第
357,颠,diān,颠簸,颠倒,颠覆
358,典,diǎn,唇典,词典,辞典
359,点,diǎn,八点,斑点,查点
360,电,diàn,充电,触电,电刨
361,店,diàn,店夥,店铺,店员
362,垫,diàn,床垫,垫草,垫底
363,淀,diàn,沉淀,淀粉,血沉淀素
364,殿,diàn,佛殿,神殿,宝殿
365,雕,diāo,雕刻,雕镂,雕塑
366,吊,diào,哀吊,倒吊,吊车
367,钓,diào,钓饵,钓竿,钓钩
368,调,diào,步调,单调,低调
369,掉,diào,擦掉,掸掉,掉了
370,爹,diē,爹爹,爹娘,老爹
371,跌,diē,暴跌,跌膘,跌宕
372,叠,dié,重叠,叠韵,折叠
373,蝶,dié,蝶泳,蝴蝶,蛱蝶
374,丁,dīng,补丁,丁丑,丁点
375,叮,dīng,叮当,叮咛,叮嘱
376,盯,dīng,盯紧,盯视,盯住
377,钉,dīng,钉梢,钉住,钉子
378,顶,dǐng,顶缸,顶级,顶尖
379,订,dìng,订婚,订立,订阅
380,定,dìng,测定,奠定,定分
381,丢,diū,丢掉,丢了,丢脸
382,东,dōng,朝东,东边,东方
383,冬,dōng,冬寒,冬季,冬眠
384,懂,dǒng,懂事,懵懂,弄懂
385,动,dòng,摆动,被动,变动
386,冻,dòng,冰冻,冻结,冷冻
387,洞,dòng,洞穴,空洞,溶洞
388,都,dōu,都督,都市,都堂
389,斗,dòu,阿斗,搏斗,打斗
390,抖,dǒu,颤抖,抖擞,发抖
391,陡,dǒu,陡峭,陡壁,陡变
392,豆,dòu,蚕豆,豆瓣,豆豉
393,督,dū,督察,都督,监督
394,毒,dú,毒草,毒打,毒贩
395,读,dú,必读,读报,读本
396,独,dú,独白,独裁,独到
397,堵,dǔ,堵塞,添堵,交通堵塞
398,赌,dǔ,打赌,赌博,赌场
399,杜,dù,杜鹃,杜鹃花,奥杜
400,肚,dù,肚兜,肚量,肚脐
401,度,dù,长度,程度,尺度
402,渡,dù,渡轮,过渡,偷渡
403,端,duān,弊端,大端,低端
404,短,duǎn,长短,短笺,短裙
405,段,duàn,地段,段落,街段
406,断,duàn,断肠,断然,断弦
407,锻,duàn,锻炼,锻铁,锻造
408,堆,duī,柴堆,堆积,粪堆
409,队,duì,部队,车队,幢队
410,对,duì,答对,对白,对比
411,吨,dūn,吨位,公吨,英吨
412,敦,dūn,敦促,敦厚,敦煌
413,蹲,dūn,蹲膘,蹲下,蹲坐
414,盾,dùn,盾牌,戟盾,矛盾
415,顿,dùn,顿首,羸顿,停顿
416,多,duō,多大,多寡,多久
417,夺,duó,剥夺,夺得,夺冠
418,朵,duǒ,耳朵,花朵,云朵
419,躲,duǒ,躲避,躲藏,藏掖躲闪
420,俄,é,俄而,俄国,俄顷
421,鹅,é,鹅毛,鹅蹼,鹅绒
422,额,é,匾额,差额,额头
423,恶,è,恶心,恶霸,恶臭
424,饿,è,挨饿,饿肚,饿死
425,鳄,è,鳄鱼,白鳄,海鳄
426,恩,ēn,恩爱,恩宠,恩仇
427,儿,ér,叉儿,当儿,儿化
428,而,ér,而且,而已,反而
429,尔,ěr,尔雅,摩尔,偶尔
430,耳,ěr,耳朵,耳垢,耳环
431,二,èr,二成,二儿,二月
432,发,fā,颁发,爆发,迸发
433,乏,fá,乏累,乏味,累乏
434,伐,fá,盗伐,伐木,砍伐
435,罚,fá,惩罚,处罚,从罚
436,阀,fá,财阀,阀阅,军阀
437,法,fǎ,办法,成法,从法
438,帆,fān,白帆,船帆,帆布
439,番,fān,番邦,番将,番茄
440,翻,fān,翻供,翻砂,翻译
441,凡,fán,不凡,凡人,平凡
442,烦,fán,烦闷,烦恼,烦躁
443,繁,fán,繁忙,繁茂,繁荣
444,反,fǎn,倒反,反比,反驳
445,返,fǎn,返潮,往返,返回地面
446,犯,fàn,从犯,盗犯,渎犯
447,泛,fàn,泛槎,泛滥,泛指
448,饭,fàn,白饭,吃饭,饭钵
449,范,fàn,范本,范畴,范例
450,贩,fàn,毒贩,贩毒,贩卖
451,方,fāng,北方,处方,大方
452,坊,fāng,坊间,街坊,茶坊
453,芳,fāng,芳草,芳菲,芳龄
454,防,fáng,边防,布防,堤防
455,妨,fáng,不妨,妨碍,妨害
456,房,fáng,禅房,厂房,厨房
457,肪,fáng,脂肪,粗脂肪,脂肪酶
458,仿,fǎng,仿佛,仿效,摹仿
459,访,fǎng,拜访,采访,出访
460,纺,fǎng,纺锭,纺织,混纺
461,放,fàng,播放,黜放,发放
462,飞,fēi,阿飞,倒飞,飞播
463,非,fēi,并非,除非,非常
464,啡,fēi,咖啡,吗啡,烘咖啡豆
465,菲,fēi,芳菲,菲薄,菲材
466,肥,féi,催肥,氮肥,肥料
467,废,fèi,残废,废除,废铁
468,沸,fèi,沸腾,蜩沸,煮沸
469,肺,fèi,肺腑,肺痨,肺脏
470,费,fèi,费解,费劲,费用
471,分,fēn,百分,比分,部分
472,纷,fēn,缤纷,纷飞,纷纷
473,芬,fēn,芬芳,芬克,芬兰
474,坟,fén,坟场,坟墓,盗掘坟墓
475,粉,fěn,淀粉,粉笔,粉刺
476,份,fèn,成份,股份,年份
477,奋,fèn,奋斗,奋勇,亢奋
478,愤,fèn,愤恚,愤怒,气愤
479,粪,fèn,倒粪,粪堆,牛粪
480,丰,fēng,丰采,丰富,丰沛
481,风,fēng,飙风,吹风,倒风
482,枫,fēng,枫树,枫叶,枫树枝
483,封,fēng,查封,封闭,封侯
484,疯,fēng,发疯,疯癫,疯狂
485,峰,fēng,巅峰,峰会,高峰
486,锋,fēng,潮锋,冲锋,锋利
487,蜂,fēng,蜂虿,蜂胶,蜂蜜
488,冯,féng,冯至,巴尔萨冯,暴虎冯河
489,逢,féng,逢迎,逢场作戏,萍水相逢
490,缝,fèng,拔缝,裁缝,缝补
491,凤,fèng,凤凰,龙凤,龙飞凤舞
492,奉,fèng,奉命,奉陪,奉劝
493,佛,fú,仿佛,佛殿,佛号
494,否,fǒu,否认,否则,是否
495,夫,fū,病夫,大夫,大夫
496,肤,fū,肤浅,皮肤,切肤之痛
497,孵,fū,孵蛋,孵卵,孵小鸡
498,弗,fú,弗彻,弗丁,弗恩
499,伏,fú,倒伏,伏法,伏羲
500,扶,fú,搀扶,扶手,扶梯
501,服,fú,便服,朝服,服从
502,浮,fú,浮槎,浮沉,浮雕
503,符,fú,符号,符合,符节
504,幅,fú,潮幅,大幅,跌幅
505,福,fú,福气,福祉,幸福
506,辐,fú,辐射,辐辏,辐光
507,蝠,fú,蝙蝠,蝠翼,冥蝠
508,抚,fǔ,爱抚,安抚,抚摸
509,府,fǔ,府城,府绸,府邸
510,辅,fǔ,辅弼,辅导,辅助
511,腐,fǔ,陈腐,豆腐,腐败
512,父,fù,伯父,从父,父母
513,付,fù,付给,付款,付讫
514,妇,fù,荡妇,夫妇,妇女
515,负,fù,抱负,负担,负荷
516,附,fù,比附,附和,附会
517,复,fù,报复,重复,答复
518,赴,fù,赴会,赴考,赴宴
519,副,fù,副词,副行长,副局长
520,傅,fù,傅会,师傅,面包师傅
521,富,fù,财富,丰富,富豪
522,赋,fù,禀赋,赋予,天赋
523,腹,fù,腹部,腹鳍,空腹
524,覆,fù,被覆,颠覆,覆被
525,该,gāi,该当,应该,不应该
526,改,gǎi,篡改,改编,改变
527,钙,gài,普钙,过磷酸钙,钙化
528,盖,gài,覆盖,盖子,冠盖
529,溉,gài,灌溉,灌溉农田,灌溉渠
530,概,gài,大概,概括,概率
531,干,gàn,焙干,饼干,擦干
532,甘,gān,甘醇,甘蓝,甘霖
533,杆,gān,笔杆,杆子,栏杆
534,肝,gān,肝脏,虮肝,心肝
535,赶,gǎn,赶场,赶超,赶车
536,敢,gǎn,胆敢,敢当,敢说
537,感,gǎn,恶感,反感,感触
538,刚,gāng,刚才,刚刚,刚好
539,纲,gāng,朝纲,大纲,纲领
540,缸,gāng,顶缸,缸盆,水缸
541,钢,gāng,钢笔,钢锭,钢筋
542,岗,gǎng,岗位,站岗,花岗石
543,港,gǎng,潮港,当港,岛港
544,高,gāo,崇高,高昂,高层
545,搞,gǎo,恶搞,搞定,搞妥
546,稿,gǎo,草稿,赶稿,稿酬
547,告,gào,报告,被告,布告
548,戈,gē,倒戈,戟戈,倒戈投敌
549,哥,gē,大哥,的哥,哥哥
550,胳,gē,胳臂,胳膊,胳膊腕
551,鸽,gē,鸽子,乳鸽,白鸽
552,割,gē,割稻,割喉,割据
553,歌,gē,唱歌,歌唱,歌词
554,阁,gé,倒阁,阁揆,阁楼
555,革,gé,改革,革履,革命
556,格,gé,定格,风格,格调
557,隔,gé,隔壁,隔阂,间隔
558,葛,gé,杯葛,葛布,葛麻
559,个,gè,个人,个资,几个
560,各,gè,各国,各种,各自
561,给,gěi,补给,传给,递给
562,根,gēn,草根,根本,根柢
563,跟,gēn,跟从,跟腱,跟随
564,更,gèng,变更,打更,更迭
565,耕,gēng,耕畜,耕田,耕耘
566,工,gōng,罢工,打工,代工
567,弓,gōng,弹弓,弓箭,弓弦
568,公,gōng,办公,恩公,公安
569,功,gōng,成功,功德,功绩
570,攻,gōng,攻读,攻击,攻取
571,供,gōng,摆供,逼供,笔供
572,官,guān,稗官,辞官,从官
573,恭,gōng,恭贺,恭敬,恭维
574,巩,gǒng,巩固,巩膜,巩县
575,拱,gǒng,拱顶,拱门,拱手
576,共,gòng,共度,共和,共鸣
577,贡,gòng,朝贡,贡献,毫无贡献
578,勾,gōu,勾搭,勾画,勾魂
579,沟,gōu,代沟,沟渎,沟壑
580,钩,gōu,倒钩,吊钩,钓钩
581,狗,gǒu,狗吠,狗窝,狗鱼
582,构,gòu,构思,构造,机构
583,购,gòu,采购,购房,购买
584,够,gòu,够劲,够呛,够戗
585,估,gū,低估,估计,估价
586,咕,gū,叨咕,咕噜,咕噜
587,姑,gū,从姑,姑姑,姑娘
588,孤,gū,孤傲,孤单,孤胆
589,菇,gū,蘑菇,香菇,鲍菇
590,古,gǔ,古刹,古代,古典
591,谷,gǔ,川谷,稻谷,谷底
592,股,gǔ,股东,股份,股肱
593,骨,gǔ,耻骨,骶骨,颚骨
594,鼓,gǔ,打鼓,捣鼓,更鼓
595,固,gù,捣固,巩固,固定
596,故,gù,故宫,故事,故乡
597,顾,gù,顾忌,顾客,顾虑
598,瓜,guā,瓜葛,瓜果,瓜蔓
599,刮,guā,刮倒,刮风,刮脸
600,挂,guà,倒挂,吊挂,挂累
601,拐,guǎi,拐弯,拐杖,诱拐
602,怪,guài,嗔怪,古怪,怪诞
603,关,guān,关闭,关灯,关怀
604,观,guān,悲观,参观,道观
605,官,guān,稗官,辞官,从官
606,冠,guān,夺冠,冠盖,冠冕
607,馆,guǎn,宾馆,餐馆,场馆
608,管,guǎn,甭管,不管,高管
609,贯,guàn,贯彻,籍贯,一贯
610,惯,guàn,惯犯,习惯,纵惯
611,灌,guàn,倒灌,灌溉,灌篮
612,罐,guàn,罐头,罐装,瓦罐
613,光,guāng,不光,吃光,灯光
614,广,guǎng,广播,广场,广大
615,归,guī,当归,归案,归并
616,龟,guī,龟鳖,海龟,乌龟
617,规,guī,常规,规程,规定
618,硅,guī,硅肺,硅谷,硅胶
619,轨,guǐ,出轨,轨道,铺轨
620,鬼,guǐ,捣鬼,鬼魂,鬼魅
621,柜,guì,橱柜,柜橱,柜台
622,贵,guì,昂贵,宝贵,贵宾
623,桂,guì,桂冠,桂圆,肉桂
624,滚,gǔn,滚雷,滚烫,摇滚
625,棍,gùn,柺棍,闷棍,魔棍
626,郭,guō,城郭,东郭,耳郭
627,锅,guō,锅贴,锅子,火锅
628,国,guó,爱国,邦国,本国
629,果,guǒ,恶果,供果,瓜果
630,裹,guǒ,包裹,裹脚,裹扎
631,过,guò,超过,错过,过程
632,哈,hā,哈哈,哈哈,哈喇
633,孩,hái,孩儿,孩儿,孩子
634,海,hǎi,渤海,沧海,大海
635,害,hài,被害,谗害,害怕
636,含,hán,包含,含嗔,含糊
637,函,hán,公函,函数,琳函
638,寒,hán,春寒,大寒,冬寒
639,韩,hán,韩非,韩服,韩国
640,罕,hǎn,罕见,稀罕,罕闻
641,喊,hǎn,喊叫,喊卡,喊冤
642,汉,hàn,汉堡,汉奸,汉字
643,汗,hàn,盗汗,汗臭,汗毛
644,旱,hàn,干旱,旱稻,旱灾
645,杭,háng,杭州,苏杭,杭育
646,航,háng,航班,航空,航空
647,毫,háo,毫毛,毫米,毫无
648,豪,háo,富豪,豪华,豪杰
649,好,hǎo,爱好,超好,倒好
650,号,hào,哀号,编号,拨号
651,浩,hào,浩大,浩瀚,浩劫
652,耗,hào,耗费,耗损,耗子
653,呵,hē,呵护,呵气,呵护备至
654,喝,hē,喝茶,喝酒,喝水
655,合,hé,氨合,场合,凑合
656,何,hé,何必,何处,何苦
657,和,hé,饱和,不和,掺和
658,河,hé,拔河,河蚌,河堤
659,核,hé,核弹,核对,核果
660,荷,hé,薄荷,电荷,负荷
661,盒,hé,盒饭,盒子,纸盒
662,贺,hè,朝贺,恭贺,贺电
663,褐,hè,褐色,褐煤,褐藻
664,赫,hè,赫然,显赫,奥赫
665,鹤,hè,白鹤,仙鹤,鹤立鸡群
666,黑,hēi,黛黑,黑暗,黑白
667,嘿,hēi,嘿嘿,潜神嘿规,潜移嘿夺
668,痕,hén,疤痕,瘢痕,痕迹
669,很,hěn,很薄,很差,很久
670,狠,hěn,狠毒,狠劲,凶狠
671,恨,hèn,仇恨,悔恨,恚恨
672,哼,hēng,哼唱,哼歌,不哼不哈
673,恒,héng,恒齿,恒心,永恒
674,横,héng,横亘,横梗,横跨
675,衡,héng,衡量,平衡,权衡
676,轰,hōng,轰动,轰动,轰隆
677,哄,hǒng,哄传,哄动,哄哄
678,红,hóng,潮红,当红,绯红
679,宏,hóng,宏大,宏观,宏谟
680,洪,hóng,防洪,洪涝,洪水
681,虹,hóng,彩虹,霓虹,倒虹吸管
682,鸿,hóng,鸿毛,鸿图,鸿雁
683,侯,hóu,封侯,侯爵,诸侯
684,喉,hóu,割喉,喉咙,戟喉
685,猴,hóu,猴子,猕猴,猿猴
686,吼,hǒu,吼叫,怒吼,河东狮吼
687,后,hòu,背后,饭后,后辈
688,厚,hòu,膘厚,醇厚,亶厚
689,候,hòu,伺候,候补,候鸟
690,乎,hū,合乎,几乎,似乎
691,呼,hū,称呼,大呼,呼哧
692,忽,hū,忽然,忽视,忽悠
693,狐,hú,狐狸,狐裘,狐臊
694,胡,hú,胡乱,胡闹,胡骑
695,壶,hú,冰壶,茶壶,挈壶
696,湖,hú,湖面,湖畔,湖泊
697,葫,hú,葫芦,猜闷葫芦,闷葫芦
698,糊,hú,含糊,糊涂,模糊
699,蝴,hú,蝴蝶,蝴蝶结,蝴蝶斑
700,虎,hǔ,壁虎,虎贲,虎将
701,互,hù,互动,互惠,互相
702,户,hù,挨户,窗户,户部
703,护,hù,爱护,保护,庇护
704,花,huā,刨花,鳊花,荷花
705,华,huá,贲华,才华,黜华
706,哗,huā,哗哗,哗啦,哗变
707,滑,huá,刁滑,光滑,滑冰
708,化,huà,氨化,胺化,变化
709,划,huà,策划,规划,划船
710,画,huà,笔画,勾画,画风
711,话,huà,答话,对话,行话
712,桦,huà,桦树,白桦,桦林
713,怀,huái,畅怀,关怀,怀抱
714,淮,huái,淮北,淮海,淮河
715,坏,huài,宠坏,好坏,坏了
716,欢,huān,欢咍,欢乐,欢庆
717,还,hái,偿还,归还,还没
718,环,huán,耳环,环抱,环球
719,缓,huǎn,缓破,缓冲,缓慢
720,幻,huàn,幻觉,幻想,科幻
721,唤,huàn,唤醒,叫唤,使唤
722,换,huàn,变换,倒换,兑换
723,患,huàn,病患,患病,患上
724,荒,huāng,荒地,荒废,荒谬
725,慌,huāng,怆慌,慌忙,惊慌
726,皇,huáng,皇帝,皇宫,皇后
727,黄,huáng,大黄,蛋黄,黄琮
728,煌,huáng,敦煌,辉煌,煌煌
729,晃,huǎng,晃眼,晃荡,晃动
730,灰,huī,灰烬,灰泥,灰色
731,恢,huī,恢复,恢复正常,天网恢恢
732,挥,huī,发挥,挥霍,挥手
733,辉,huī,光辉,辉煌,蓬荜生辉
734,徽,huī,国徽,徽章,安徽
735,回,huí,搬回,赶回,归回
736,毁,huǐ,摧毁,捣毁,诋毁
737,悔,huǐ,懊悔,背悔,忏悔
738,汇,huì,词汇,倒汇,汇报
739,会,huì,大会,峰会,傅会
740,绘,huì,绘划,描绘,人体彩绘
741,惠,huì,德惠,恩惠,互惠
742,慧,huì,聪慧,慧黠,慧眼
743,昏,hūn,晨昏,发昏,黄昏
744,婚,hūn,重婚,订婚,婚变
745,浑,hún,浑虫,浑蛋,浑噩
746,魂,hún,勾魂,鬼魂,国魂
747,混,hùn,混充,混搭,混蛋
748,活,huó,赶活,干活,苟活
749,火,huǒ,柴火,大火,点火
750,伙,huǒ,大伙,合伙,伙房
751,或,huò,或者,间或,抑或
752,货,huò,百货,出货,到货
753,获,huò,捕获,查获,重获
754,祸,huò,车祸,闯祸,贾祸
755,惑,huò,蛊惑,昏惑,困惑
756,霍,huò,挥霍,霍乱,挥霍无度
757,击,jī,冲击,点击,攻击
758,饥,jī,充饥,饥饿,饥寒
759,圾,jī,垃圾,撮垃圾,倒垃圾
760,机,jī,扳机,包机,禅机
761,肌,jī,肌腱,肌肉,纵肌
762,鸡,jī,哺鸡,公鸡,烘鸡
763,积,jī,堆积,发积,积蓄
764,基,jī,氨基,胺基,丙基
765,绩,jì,成绩,功绩,劳绩
766,激,jī,刺激,过激,激动
767,及,jí,及时,累及,企及
768,吉,jí,吉利,吉他,吉祥
769,级,jí,超级,初级,次级
770,即,jí,当即,即将,即使
771,极,jí,北极,垓极,积极
772,急,jí,急促,急件,急救
773,疾,jí,残疾,疾病,痢疾
774,集,jí,赶集,汇集,集合
775,辑,jí,编辑,逻辑,专辑
776,籍,jí,国籍,户籍,籍贯
777,几,jǐ,茶几,几乎,几点
778,己,jǐ,妲己,己丑,己亥
779,挤,jǐ,挤满,排挤,拥挤
780,脊,jí,背脊,脊梁,脊椎
781,计,jì,不计,得计,得计
782,记,jì,笔记,场记,登记
783,纪,jì,纪录,纪律,纪念
784,迹,jì,残迹,遁迹,发迹
785,技,jì,技击,技巧,技痒
786,际,jì,边际,国际,际遇
787,剂,jì,调剂,胺化剂,发酵剂
788,季,jì,春季,淡季,冬季
789,既,jì,既然,既成事实,既然如此
790,济,jì,得济,斐济,济济
791,继,jì,继承,继续,相继
792,寂,jì,寂静,寂寥,寂寞
793,寄,jì,寄给,寄生,寄宿
794,忌,jì,妒忌,顾忌,忌讳
795,加,jiā,参加,附加,更加
796,夹,jiā,夹板,夹缝,夹克
797,佳,jiā,佳节,佳酿,佳肴
798,家,jiā,挨家,搬家,本家
799,嘉,jiā,嘉宾,嘉谷,嘉奖
800,甲,jiǎ,鳖甲,甲辰,甲基
801,贾,jiǎ,贾祸,贾马,商贾
802,钾,jiǎ,氰化钾,钾肥,钾盐
803,价,jià,差价,低价,房价
804,驾,jià,车驾,驾车,驾驶
805,架,jià,绑架,吵架,打架
806,假,jiǎ,长假,放假,寒假
807,嫁,jià,改嫁,婚嫁,嫁祸
808,稼,jià,庄稼,损害庄稼,稼穑
809,尖,jiān,拔尖,鼻尖,笔尖
810,坚,jiān,坚持,坚定,坚固
811,间,jiān,车间,得间,坊间
812,肩,jiān,肩膀,肩胛,披肩
813,艰,jiān,艰巨,艰苦,艰难
814,兼,jiān,兼差,兼顾,兼任
815,监,jiān,监察,监督,监管
816,减,jiǎn,裁减,减缓,减价
817,剪,jiǎn,倒剪,剪彩,剪刀
818,检,jiǎn,产检,婚检,检测
819,简,jiǎn,从简,简单,简介
820,碱,jiǎn,硝碱,吐根碱,茶碱
821,见,jiàn,朝见,成见,罕见
822,件,jiàn,案件,工件,固件
823,建,jiàn,创建,建立,建设
824,剑,jiàn,掣剑,剑柄,剑鸻
825,健,jiàn,健将,健康,健美
826,舰,jiàn,舰艇,母舰,旗舰
827,渐,jiàn,渐渐,逐渐,渐浮台面
828,践,jiàn,践踏,实践,作践
829,鉴,jiàn,鉴别,鉴定,鉴于
830,键,jiàn,关键,键盘,氢键
831,箭,jiàn,弓箭,火箭,箭头
832,江,jiāng,江湖,江米,江水
833,姜,jiāng,黄姜,姜饼,姜黄
834,将,jiāng,拜将,败将,闯将
835,浆,jiāng,豆浆,浆果,泥浆
836,僵,jiāng,僵化,僵尸,僵硬
837,疆,jiāng,边疆,海疆,疆土
838,讲,jiǎng,播讲,讲和,讲话
839,奖,jiǎng,颁奖,抽奖,得奖
840,蒋,jiǎng,蒋晨阳,蒋国栋,蒋巨峰
841,匠,jiàng,木匠,石匠,鞋匠
842,降,jiàng,沉降,降低,降价
843,交,jiāo,公交,混交,交叉
844,郊,jiāo,郊区,郊外,郊游
845,娇,jiāo,娇嗔,娇嫩,娇气
846,浇,jiāo,浇花,浇水,浇薄
847,骄,jiāo,骄傲,骄纵,骄贪贾祸
848,胶,jiāo,鳔胶,蜂胶,胶带
849,焦,jiāo,焦点,焦急,焦雷
850,礁,jiāo,暗礁,触礁,礁石嶙嶙
851,角,jiǎo,八角,丑角,旦角
852,脚,jiǎo,蹩脚,跛脚,踮脚
853,搅,jiǎo,搅拌,搅混,搅弄
854,叫,jiào,吠叫,喊叫,嗥叫
855,轿,jiào,轿车,轿子,花轿
856,较,jiào,比较,较劲,较量
857,教,jiào,赐教,佛教,教书
858,阶,jiē,阶层,阶段,阶级
859,皆,jiē,草木皆兵,尽人皆知,世人皆知
860,接,jiē,倒接,焊接,嫁接
861,揭,jiē,揭穿,揭发,揭开
862,街,jiē,官街,逛街,街道
863,节,jié,幢节,符节,圪节
864,劫,jié,盗劫,浩劫,劫持
865,杰,jié,豪杰,杰出,杰作
866,洁,jié,皎洁,洁净,洁癖
867,结,jié,巴结,冻结,勾结
868,捷,jié,捷径,快捷,敏捷
869,截,jié,截稿,截取,拦截
870,竭,jié,竭尽,竭力,罄竭
871,姐,jiě,大姐,倒姐,姐姐
872,解,jiě,氨解,辩解,潮解
873,介,jiè,简介,介怀,介入
874,戒,jiè,戒备,戒烟,戒严
875,届,jiè,届期,首届,应届
876,界,jiè,边界,界定,界埒
877,借,jiè,假借,借读,借给
878,巾,jīn,幢巾,纶巾,巾帼
879,今,jīn,当今,古今,今后
880,斤,jīn,半斤八两,掂斤播两,斤斤计较
881,金,jīn,拜金,酬金,镀金
882,津,jīn,津贴,迷津,牛津
883,筋,jīn,钢筋,筋斗,筋肉
884,仅,jǐn,不仅,仅仅,仅有
885,紧,jǐn,绷紧,盯紧,赶紧
886,锦,jǐn,集锦,锦缎,锦笺
887,尽,jǐn,殆尽,竭尽,尽管
888,劲,jìn,苍劲,差劲,吃劲
889,近,jìn,挨近,逼近,附近
890,进,jìn,搬进,赶进,混进
891,晋,jìn,晋级,晋见,晋剧
892,浸,jìn,浸泡,沉浸,浸沉
893,禁,jìn,不禁,解禁,禁穿
894,京,jīng,京城,京垓,京畿
895,经,jīng,财经,曾经,经常
896,茎,jīng,根茎,茎部,球茎
897,惊,jīng,吃惊,惊愕,惊骇
898,晶,jīng,结晶,晶石,晶莹
899,睛,jīng,眼睛,闭上眼睛,画龙点睛
900,精,jīng,精彩,精粹,精读
901,鲸,jīng,鲸鲨,鲸鱼,蓝鲸
902,井,jǐng,井水,掘井,矿井
903,颈,jǐng,颈项,颈椎,瓶颈
904,景,jǐng,背景,场景,风景
905,警,jǐng,报警,火警,交警
906,净,jìng,澄净,干净,洁净
907,径,jìng,捷径,口径,路径
908,竞,jìng,竞赛,竞争,竞技场
909,竟,jìng,毕竟,竟敢,竟然
910,敬,jìng,恭敬,回敬,敬酒
911,境,jìng,边境,出境,家境
912,静,jìng,安静,寂静,静电
913,镜,jìng,镜像,镜子,墨镜
914,纠,jiū,纠缠,纠纷,纠葛
915,究,jiū,究竟,研究,定量研究
916,九,jiǔ,九成,九点,九宫
917,久,jiǔ,持久,多久,很久
918,酒,jiǔ,白酒,鬯酒,奠酒
919,旧,jiù,陈旧,怀旧,旧读
920,救,jiù,得救,急救,解救
921,就,jiù,成就,将就,就道
922,舅,jiù,从舅,舅舅,舅妈
923,居,jū,居民,居然,居住
924,局,jú,镖局,布局,出局
925,菊,jú,雏菊,菊花,菊花梗
926,橘,jú,柑橘,橘瓤,橘营
927,举,jǔ,举办,举报,举措
928,矩,jǔ,规矩,矩尺,中规中矩
929,句,jù,词句,句子,俳句
930,巨,jù,艰巨,巨擘,巨大
931,拒,jù,拒绝,抗拒,遭拒
932,具,jù,炊具,道具,钓具
933,俱,jù,俱乐部,耦俱无猜,声泪俱下
934,剧,jù,悲剧,惨剧,潮剧
935,惧,jù,怵惧,惊惧,惧内
936,据,jù,割据,根据,拮据
937,距,jù,差距,距离,贫富差距
938,聚,jù,瘕聚,聚会,聚集
939,卷,juǎn,倒卷,卷尺,卷儿
940,倦,juàn,困倦,闷倦,疲倦
941,决,jué,裁决,处决,对决
942,绝,jué,回绝,拒绝,绝对
943,觉,jué,察觉,触觉,发觉
944,掘,jué,盗掘,掘井,挖掘
945,嚼,jué,倒嚼,嚼舌,咀嚼
946,军,jūn,从军,匪军,冠军
947,君,jūn,暴君,夫君,昏君
948,均,jūn,均匀,平均,但均
949,菌,jūn,细菌,真菌,古细菌界
950,俊,jùn,俊俏,俊秀,英俊
951,峻,jùn,峻峭,严峻,陡峻
952,卡,kǎ,喊卡,卡车,卡带
953,开,kāi,避开,叉开,拆开
954,凯,kǎi,凯旋,凯子,凯蒂
955,慨,kǎi,感慨,慨叹,慷慨
956,刊,kān,刊登,刊文,刊载
957,堪,kān,不堪,堪比,堪称
958,砍,kǎn,砍伐,砍树,挥砍
959,看,kàn,查看,好看,看管
960,康,kāng,健康,康复,康熙
961,抗,kàng,抵抗,反抗,抗拒
962,炕,kàng,火炕,炕头,炕席
963,考,kǎo,参考,赴考,赶考
964,烤,kǎo,烘烤,烤火,烤箱
965,靠,kào,靠近,靠拢,靠谱
966,科,kē,百科,科幻,科技
967,棵,kē,棵子,塌棵菜,
968,颗,kē,颗粒,颗粒尺寸,颗粒肥料
969,壳,ké,蚌壳,剥壳,贝壳
970,咳,ké,咳嗽,咳血,干咳
971,可,kě,差可,可爱,可比
972,渴,kě,饥渴,渴望,口渴
973,克,kè,夹克,克服,克星
974,刻,kè,雕刻,镌刻,苛刻
975,客,kè,镖客,宾客,博客
976,课,kè,功课,家课,课本
977,肯,kěn,肯定,宁肯,不肯
978,坑,kēng,坑人,坑洼,茅坑
979,空,kōng,当空,得空,高空
980,孔,kǒng,穿孔,孔孟,孔雀
981,恐,kǒng,惶恐,惊恐,恐怖
982,控,kòng,控告,控制,失控
983,口,kǒu,拗口,舱口,岔口
984,扣,kòu,吊扣,扣分,扣留
985,枯,kū,干枯,枯槁,枯涩
986,哭,kū,号哭,哭闹,哭泣
987,苦,kǔ,吃苦,寒苦,何苦
988,库,kù,宝库,仓库,车库
989,裤,kù,裤衩,裤裆,裤缝
990,酷,kù,残酷,酷热,酷似
991,夸,kuā,夸大,夸父,夸克
992,跨,kuà,横跨,跨越,飞跨
993,块,kuài,板块,冰块,木块
994,快,kuài,畅快,赶快,更快
995,宽,kuān,从宽,宽敞,宽绰
996,款,kuǎn,摆款,筹款,存款
997,狂,kuáng,猖狂,疯狂,狂暴
998,况,kuàng,况且,情况,状况
999,矿,kuàng,金矿,矿工,矿井
1000,亏,kuī,得亏,亏本,亏累
1001,葵,kuí,葵花,葵扇,葵花籽
1002,愧,kuì,不愧,惭愧,愧对
1003,溃,kuì,崩溃,溃堤,溃烂
1004,昆,kūn,昆虫,昆仑,昆明
1005,困,kùn,被困,发困,困惑
1006,扩,kuò,扩大,扩散,扩展
1007,括,kuò,包括,概括,浑括
1008,阔,kuò,广阔,开阔,宽阔
1009,垃,lā,垃圾,撮垃圾,倒垃圾
1010,拉,lā,扒拉,耷拉,考拉
1011,啦,la,哗啦,哗啦哗啦,哗啦啦
1012,喇,lǎ,哈喇,喇叭,喇嘛
1013,腊,là,腊肉,熏腊,熏制腊肉
1014,蜡,là,蜡笔,蜡像,蜡烛
1015,辣,là,辣酱,辣椒,辣子
1016,来,lái,本来,出来,从来
1017,莱,lái,蓬莱,巴莱,卡莱
1018,赖,lài,不赖,讹赖,撒赖
1019,兰,lán,蕙兰,兰花,荷兰芹
1020,拦,lán,拦截,拦阻,阻拦
1021,栏,lán,栏杆,栏目,牛栏
1022,蓝,lán,靛蓝,甘蓝,海蓝
1023,篮,lán,灌篮,篮球,篮子
1024,览,lǎn,观览,浏览,游览
1025,懒,lǎn,懒虫,懒得,懒惰
1026,烂,làn,灿烂,捣烂,腐烂
1027,滥,làn,泛滥,滥伐,滥交
1028,郎,láng,货郎,郎君,郎中
1029,狼,láng,豺狼,狼狈,狼獾
1030,廊,láng,画廊,走廊,报廊
1031,朗,lǎng,开朗,朗读,朗诵
1032,浪,làng,波浪,冲浪,浪潮
1033,捞,lāo,捞取,海底捞针,水中捞月
1034,劳,láo,伯劳,酬劳,犒劳
1035,牢,láo,豢牢,监牢,牢固
1036,老,lǎo,变老,古老,老爸
1037,乐,lè,逗乐,管乐,欢乐
1038,勒,lēi,勾勒,勒紧,勒令
1039,雷,léi,奔雷,布雷,春雷
1040,蕾,lěi,芭蕾,蓓蕾,花蕾
1041,泪,lèi,催泪,掉泪,含泪
1042,类,lèi,俦类,分类,归类
1043,累,lèi,带累,乏累,挂累
1044,冷,lěng,冰冷,寒冷,厥冷
1045,愣,lèng,装傻充愣,呆愣,发愣
1046,厘,lí,厘清,差之毫厘,公厘
1047,梨,lí,黄梨,藤梨,削梨
1048,离,lí,剥离,撤离,电离
1049,犁,lí,犁地,犁牛,犁田
1050,璃,lí,玻璃,琉璃,玻璃碴
1051,黎,lí,黎明,巴黎,黎锦
1052,礼,lǐ,晡礼,典礼,菲礼
1053,李,lǐ,李子,行李,取行李
1054,里,lǐ,里边,里程,里带
1055,哩,lī,哩哩啦啦,噜哩噜苏,着哩
1056,理,lǐ,按理,办理,处理
1057,鲤,lǐ,鲤鱼,鲮鲤,腥鲤
1058,力,lì,暴力,才力,吃力
1059,历,lì,经历,历程,历史
1060,厉,lì,厉害,厉声,凛厉
1061,立,lì,成立,矗立,倒立
1062,丽,lì,华丽,娟丽,美丽
1063,利,lì,便利,得利,锋利
1064,励,lì,鼓励,激励,奖励
1065,例,lì,成例,范例,举例
1066,隶,lì,隶属,奴隶,奴隶制度
1067,粒,lì,秕粒,稻粒,谷粒
1068,莉,lì,茉莉,茉莉茶,茉莉花
1069,俩,liǎ,伎俩,你们俩,他们俩
1070,连,lián,勾连,接连,连播
1071,帘,lián,窗帘,垂帘,酒帘
1072,怜,lián,可怜,怜悯,楚楚可怜
1073,莲,lián,莲荷,莲花,莲藕
1074,联,lián,蝉联,勾联,颔联
1075,廉,lián,窗廉,廉价,廉洁
1076,脸,liǎn,绷脸,变脸,得脸
1077,练,liàn,操练,晨练,教练
1078,炼,liàn,焠炼,锻炼,炼钢
1079,恋,liàn,婚恋,眷恋,恋爱
1080,链,liàn,岛链,盗链,铰链
1081,良,liáng,不良,从良,良好
1082,凉,liáng,冰凉,乘凉,寒凉
1083,梁,liáng,鼻梁,栋梁,脊梁
1084,粮,liáng,官粮,粮食,征粮
1085,两,liǎng,两岸,两倍,两点
1086,亮,liàng,绷亮,敞亮,亮光
1087,辆,liàng,车辆,,
1088,量,liàng,测量,胆量,掂量
1089,辽,liáo,辽宁,辽东,辽河
1090,疗,liáo,镭疗,疗养,医疗
1091,聊,liáo,聊天,无聊,闲聊
1092,僚,liáo,官僚,幕僚,同僚
1093,了,le,罢了,毙了,得了
1094,料,liào,爆料,不料,布料
1095,列,liè,陈列,行列,列车
1096,劣,liè,卑劣,恶劣,伪劣
1097,烈,liè,惨烈,激烈,烈士
1098,猎,liè,打猎,猎取,猎犬
1099,裂,liè,迸裂,裂缝,破裂
1100,邻,lín,邻邦,邻国,邻居
1101,林,lín,丛林,翰林,林立
1102,临,lín,贲临,濒临,降临
1103,淋,lín,淋湿,淋雨,淋浴
1104,磷,lín,磷光,过磷酸钙,白磷
1105,灵,líng,魂灵,机灵,激灵
1106,玲,líng,玲珑,八面玲珑,玎玲
1107,凌,líng,凌波,凌晨,凌迟
1108,铃,líng,铃铛,铃声,銮铃
1109,陵,líng,陵墓,丘陵,东陵
1110,羚,líng,羚羊,瞪羚,羚牛
1111,零,líng,零钞,零点,零儿
1112,龄,líng,芳龄,高龄,婚龄
1113,领,lǐng,带领,纲领,将领
1114,岭,lǐng,岭南,山岭,高岭石
1115,令,lìng,敕令,当令,调令
1116,另,lìng,另外,另当别论,另举贤能
1117,溜,liū,承溜,哧溜,跐溜
1118,刘,liú,刘骜,刘邦,刘海
1119,流,liú,从流,倒流,寒流
1120,留,liú,保留,逗留,勾留
1121,硫,liú,硫铵,硫磺,硫脲
1122,瘤,liú,毒瘤,肿瘤,血管瘤
1123,柳,liǔ,柳橙,柳树,杨柳
1124,六,liù,六成,六点,六神
1125,龙,lóng,从龙,豢龙,蛟龙
1126,笼,lóng,灯笼,笼子,笼络
1127,隆,lóng,轰隆,基隆,隆冬
1128,垄,lǒng,垄次,垄断,垄沟
1129,拢,lǒng,靠拢,拉拢,收拢
1130,楼,lóu,大楼,碉楼,吊楼
1131,漏,lòu,检漏,漏斗,漏水
1132,露,lù,暴露,表露,敞露
1133,卢,lú,卢安,卢比,卢布
1134,芦,lú,葫芦,芦荟,芦帘
1135,炉,lú,壁炉,出炉,火炉
1136,鲁,lǔ,秘鲁,粗鲁,鲁莽
1137,陆,lù,大陆,陆地,陆岬
1138,录,lù,盗录,登录,附录
1139,鹿,lù,鹿鸣,鹿茸,麋鹿
1140,碌,lù,劳碌,碌碡,碌碌
1141,路,lù,出路,赶路,归路
1142,驴,lǘ,赶驴,驴驹,驴子
1143,旅,lǚ,劲旅,军旅,旅程
1144,铝,lǚ,铝箔纸,铝箔,铝排
1145,履,lǚ,革履,履历,履行
1146,律,lǜ,法律,纪律,律吕
1147,虑,lǜ,顾虑,焦虑,考虑
1148,率,lǜ,比率,概率,机率
1149,绿,lǜ,碧绿,常绿,翠绿
1150,氯,lǜ,氯化铵,氯化钠,氯化物
1151,滤,lǜ,过滤,滤纸,过滤器
1152,卵,luǎn,孵卵,累卵,卵石
1153,乱,luàn,捣乱,动乱,纷乱
1154,掠,lüè,掳掠,掠夺,掠取
1155,略,lüè,策略,埒略,略过
1156,伦,lún,氨伦,噶伦,乱伦
1157,轮,lún,车轮,齿轮,渡轮
1158,论,lùn,悖论,辩论,不论
1159,罗,luó,娄罗,罗勒,罗盘
1160,萝,luó,菠萝,萝卜,红萝卜
1161,逻,luó,逻辑,巡逻,巡逻车
1162,螺,luó,螺丝,螺旋,田螺
1163,裸,luǒ,赤裸,裸奔,裸露
1164,洛,luò,洛矶山脉,洛汉,洛汗
1165,络,luò,氨络,联络,笼络
1166,骆,luò,骆驼,骆驼刺,骆驼绒
1167,落,luò,剥落,黜落,段落
1168,妈,mā,舅妈,老妈,妈妈
1169,麻,má,葛麻,麻痹,麻布
1170,马,mǎ,赶马,贾马,骏马
1171,玛,mǎ,玛瑙,艾玛,奥玛
1172,码,mǎ,筹码,代码,号码
1173,蚂,mǎ,蚂蟥,蚂蚁,哈什蚂
1174,骂,mà,挨骂,嘲骂,臭骂
1175,吗,ma,干吗,好吗,吗啡
1176,嘛,ma,干嘛,喇嘛,要嘛
1177,埋,mái,埋葬,掩埋,埋头苦干
1178,买,mǎi,购买,买回,买卖
1179,迈,mài,豪迈,迈步,高迈
1180,麦,mài,大麦,藜麦,麦茬
1181,卖,mài,变卖,出卖,倒卖
1182,脉,mài,脉搏,切脉,血脉
1183,蛮,mán,刁蛮,横蛮,蛮干
1184,满,mǎn,饱满,不满,充满
1185,曼,màn,内曼,外曼,西曼
1186,慢,màn,傲慢,怠慢,放慢
1187,漫,màn,动漫,浪漫,漫画
1188,忙,máng,帮忙,匆忙,繁忙
1189,芒,máng,锋芒,光芒,芒果
1190,盲,máng,盲从,盲打,盲目
1191,茫,máng,茫然,迷茫,渺茫
1192,猫,māo,公猫,猫眼,猫爪
1193,毛,máo,鼻毛,鹅毛,发毛
1194,矛,máo,长矛,矛盾,矛头
1195,茅,máo,菅茅,籍茅,茅庵
1196,茂,mào,葱茂,繁茂,蕃茂
1197,冒,mào,感冒,假冒,冒充
1198,贸,mào,贸易,外贸,贸易逆差
1199,帽,mào,笔帽,礼帽,帽檐
1200,貌,mào,地貌,礼貌,貌美
1201,么,me,多么,那么,什么
1202,没,méi,沉没,从没,覆没
1203,枚,méi,枚举,不遑枚举,不可枚举
1204,玫,méi,玫瑰,玫瑰花,玫瑰露
1205,眉,méi,蹙眉,画眉,眉黛
1206,梅,méi,寒梅,梅雨,赏梅
1207,媒,méi,传媒,媒体,外媒
1208,煤,méi,采煤,煤矿,煤气
1209,霉,méi,倒霉,发霉,倒邪霉
1210,每,měi,每次,每个人,每况愈下
1211,美,měi,臭美,健美,埒美
1212,妹,mèi,把妹,勾妹,姐妹
1213,门,mén,贲门,闭门,部门
1214,们,men,俺们,哥们,你们
1215,闷,mèn,憋闷,沉闷,愁闷
1216,萌,méng,萌发,萌芽,复萌
1217,盟,méng,加盟,联盟,盟友
1218,猛,měng,猛虎,猛将,猛劲
1219,蒙,méng,承蒙,打蒙,发蒙
1220,孟,mèng,孔孟,孟子,孟春
1221,梦,mèng,噩梦,恶梦,梦到
1222,弥,mí,弥补,弥缝,弥合
1223,迷,mí,沉迷,歌迷,昏迷
1224,谜,mí,猜谜,灯谜,谜底
1225,米,mǐ,糙米,捣米,稻米
1226,泌,mì,分泌,泌尿,泌阳
1227,秘,mì,秘鲁,便秘,诡秘
1228,密,mì,保密,稠密,机密
1229,蜜,mì,蜂蜜,蜜虫,蜜蜂
1230,眠,mián,催眠,冬眠,失眠
1231,绵,mián,缠绵,海绵,连绵
1232,棉,mián,棉袄,棉被,棉花
1233,免,miǎn,避免,豁免,蠲免
1234,勉,miǎn,嘉勉,勉励,勉强
1235,面,miàn,白面,拌面,表面
1236,苗,miáo,痘苗,禾苗,露苗
1237,描,miáo,描红,描绘,描写
1238,秒,miǎo,秒钟,分秒,毫秒
1239,妙,miào,奥妙,绝妙,美妙
1240,庙,miào,庙会,庙宇,庙祝
1241,灭,miè,覆灭,毁灭,歼灭
1242,民,mín,疍民,公民,国民
1243,敏,mǐn,过敏,灵敏,敏感
1244,名,míng,报名,驰名,臭名
1245,明,míng,表明,不明,阐明
1246,鸣,míng,虫鸣,耳鸣,共鸣
1247,命,mìng,从命,奉命,诰命
1248,摸,mō,触摸,抚摸,估摸
1249,模,mó,规模,劳模,模范
1250,膜,mó,薄膜,膈膜,肋膜
1251,摩,mó,按摩,揣摩,观摩
1252,磨,mó,磨蹭,磨烦,磨砺
1253,蘑,mó,蘑菇,口蘑,松蘑
1254,魔,mó,恶魔,魔道,魔法
1255,抹,mǒ,抹布,抹黑,抹墙
1256,末,mò,粉末,芥末,末端
1257,沫,mò,泡沫,吐沫,唾沫
1258,陌,mò,陌生,阡陌,陌生人
1259,莫,mò,莫大,莫非,莫名
1260,漠,mò,冷漠,漠视,沙漠
1261,墨,mò,笔墨,墨翟,墨迹
1262,默,mò,沉默,默背,默读
1263,谋,móu,谋略,谋取,谋杀
1264,某,mǒu,某次,某人,某日
1265,母,mǔ,鸨母,伯母,慈母
1266,亩,mǔ,地亩,公亩,埒亩
1267,牡,mǔ,牡丹,牡蛎,骊黄牝牡
1268,姆,mǔ,保姆,奥姆,霍姆
1269,拇,mǔ,拇指,大拇指,拇战
1270,木,mù,柏木,草木,槎木
1271,目,mù,瞋目,瞠目,刺目
1272,牧,mù,放牧,牧羊,游牧
1273,墓,mù,盗墓,坟墓,陵墓
1274,幕,mù,开幕,帘幕,落幕
1275,慕,mù,羡慕,令人羨慕,羡慕不已
1276,穆,mù,肃穆,穆斯林,森严肃穆
1277,拿,ná,缉拿,拿捏,擒拿
1278,哪,nǎ,哪边,哪儿,哪个
1279,那,nà,刹那,那边,那次
1280,纳,nà,采纳,归纳,嘉纳
1281,娜,nà,袅娜,婀娜多姿,本娜
1282,钠,nà,氯化钠,钠灯,方钠石
1283,乃,nǎi,乃至,康乃馨,木乃伊
1284,奶,nǎi,奶粉,奶酪,奶奶
1285,奈,nài,奈何,叵奈,无奈
1286,耐,nài,耐看,耐心,叵耐
1287,男,nán,男厕,男丁,男儿
1288,南,nán,朝南,岭南,南无
1289,难,nán,不难,刁难,艰难
1290,囊,náng,怆囊,毛囊,囊括
1291,恼,nǎo,烦恼,苦恼,恼火
1292,脑,nǎo,潮脑,大脑,电脑
1293,闹,nào,吵闹,哄闹,胡闹
1294,呢,ne,大呢,花呢,毛呢
1295,内,nèi,舱内,国内,境内
1296,嫩,nèn,娇嫩,嫩笋,嫩芽
1297,能,néng,才能,低能,功能
1298,尼,ní,尼姑,阿摩尼亚,哈尼族
1299,泥,ní,灰泥,和泥,泥巴
1300,你,nǐ,你的,你们,你我
1301,拟,nǐ,俦拟,摹拟,模拟
1302,逆,nì,横逆,厥逆,逆差
1303,年,nián,龀年,成年,当年
1304,念,niàn,悼念,概念,观念
1305,娘,niáng,爹娘,姑娘,娘家
1306,酿,niàng,佳酿,酒酿,酿成
1307,鸟,niǎo,鹳鸟,候鸟,黄鸟
1308,尿,niào,憋尿,泌尿,尿布
1309,捏,niē,拿捏,捏坏,捏碎
1310,您,nín,您好,,
1311,宁,níng,安宁,丹宁,单宁
1312,凝,níng,混凝,凝固,凝结
1313,牛,niú,吹牛,斗牛,赶牛
1314,扭,niǔ,扭捏,扭曲,扭转
1315,纽,niǔ,纽扣,纽约,枢纽
1316,农,nóng,茶农,佃农,农场
1317,浓,nóng,浓度,浓密,浓缩
1318,弄,nòng,摆弄,搬弄,拨弄
1319,奴,nú,房奴,家奴,奴婢
1320,努,nǔ,努力,安努,门努
1321,怒,nù,嗔怒,大怒,发怒
1322,女,nǚ,婢女,处女,从女
1323,暖,nuǎn,供暖,冷暖,暖和
1324,挪,nuó,挪动,挪用,挪借
1325,诺,nuò,承诺,诺言,应诺
1326,哦,ó,吟哦,,
1327,欧,ōu,欧芹,欧阳,北欧
1328,偶,ǒu,对偶,木偶,泥偶
1329,爬,pá,乱爬,爬犁,爬罗
1330,帕,pà,手帕,卡帕,帕格
1331,怕,pà,害怕,惧怕,可怕
1332,拍,pāi,航拍,拍卖,拍片
1333,排,pái,安排,赍排,牛排
1334,牌,pái,打牌,盾牌,金牌
1335,派,pài,帮派,党派,调派
1336,攀,pān,高攀,攀登,攀供
1337,盘,pán,飞盘,键盘,楼盘
1338,判,pàn,裁判,判处,判断
1339,叛,pàn,背叛,叛乱,叛逆
1340,盼,pàn,盼望,期盼,企盼
1341,庞,páng,面庞,庞大,脸庞
1342,旁,páng,旁白,旁边,旁顾
1343,胖,pàng,肥胖,胖娃,胖子
1344,抛,pāo,抛开,抛锚,抛弃
1345,炮,pào,岸炮,鞭炮,高炮
1346,跑,pǎo,慢跑,跑步,跑车
1347,泡,pào,豆泡,浸泡,冒泡
1348,胚,pēi,胚胎,胚芽,胚芽米
1349,陪,péi,奉陪,陪衬,陪吊
1350,培,péi,培训,培养,培育
1351,赔,péi,倒赔,赔偿,赔款
1352,佩,pèi,感佩,敬佩,敬佩
1353,配,pèi,调配,分配,婚配
1354,喷,pēn,喷溅,喷气,喷射
1355,盆,pén,缸盆,骨盆,尿盆
1356,朋,péng,朋友,轧朋友,好朋友
1357,棚,péng,茅棚,牛棚,歹戏拖棚
1358,蓬,péng,莲蓬,蓬莱,蓬荜生辉
1359,鹏,péng,大鹏,火鹏,鲲鹏
1360,膨,péng,膨胀,通货膨胀,膨大
1361,捧,pěng,捧场,追捧,捧腹大笑
1362,碰,pèng,触碰,磕碰,碰壁
1363,批,pī,大批,批发,批评
1364,披,pī,披肩,披露,披萨
1365,皮,pí,扒皮,剥皮,刁皮
1366,疲,pí,疲惫,疲乏,疲倦
1367,脾,pí,脾气,脾脏,发脾气
1368,匹,pǐ,匹休,俦匹,匹比
1369,屁,pì,放屁,屁股,狗屁不通
1370,譬,pì,譬如,譬喻,方桃譬李
1371,偏,piān,偏差,偏见,偏僻
1372,篇,piān,连篇,篇幅,长篇大论
1373,片,piàn,薄片,唱片,倒片
1374,骗,piàn,被骗,盗骗,哄骗
1375,漂,piāo,漂泊,漂浮,漂移
1376,飘,piāo,飘荡,飘零,飘移
1377,瓢,piáo,瓢虫,瓢泼,水瓢
1378,票,piào,当票,股票,拉票
1379,拼,pīn,比拼,拼搏,拼凑
1380,贫,pín,济贫,贫乏,贫寒
1381,频,pín,高频,混频,频道
1382,品,pǐn,产品,成品,毒品
1383,平,píng,刨平,扁平,铲平
1384,评,píng,点评,批评,评改
1385,凭,píng,凭吊,凭借,凭据
1386,苹,píng,苹果,剥苹果,苹果派
1387,屏,píng,屏气,屏息,屏蔽
1388,瓶,píng,掸瓶,花瓶,瓶颈
1389,萍,píng,浮萍,萍水相逢,萍踪
1390,坡,pō,坡度,斜坡,岛屿坡
1391,泼,pō,活泼,泼辣,撒泼
1392,颇,pǒ,颇有造就,偏颇,颇佳
1393,婆,pó,公婆,老婆,婆家
1394,迫,pò,被迫,逼迫,窘迫
1395,破,pò,爆破,缓破,戳破
1396,剖,pōu,解剖,剖白,剖腹
1397,扑,pū,扑鼻,扑哧,扑克
1398,铺,pù,床铺,当铺,店铺
1399,葡,pú,葡萄,葡萄干,葡萄苷
1400,蒲,pú,菖蒲,蒲公英,蒲棒
1401,朴,pǔ,抱朴,淳朴,纯朴
1402,浦,pǔ,浦口,东尽海浦,冻浦鱼惊
1403,普,pǔ,普遍,普钙,普罗
1404,谱,pǔ,靠谱,离谱,脸谱
1405,七,qī,七成,七点,七窍
1406,妻,qī,夫妻,妻子,娶妻
1407,栖,qī,两栖,栖息,栖息处
1408,戚,qī,哀戚,悲戚,贵戚
1409,期,qī,长期,归期,婚期
1410,欺,qī,欺负,欺凌,欺谩
1411,漆,qī,油漆,瓷漆,磁漆
1412,齐,qí,归齐,齐全,整齐
1413,其,qí,极其,其实,其他
1414,奇,qí,称奇,传奇,好奇
1415,歧,qí,分歧,歧视,被歧视
1416,骑,qí,边骑,单骑,胡骑
1417,棋,qí,臭棋,棋盘,下棋
1418,旗,qí,党旗,国旗,旌旗
1419,企,qǐ,企待,企及,企盼
1420,岂,qǐ,岂不,岂非,岂能
1421,启,qǐ,开启,启迪,启动
1422,起,qǐ,勾起,激起,捡起
1423,气,qì,氨气,憋气,屏气
1424,弃,qì,摈弃,放弃,抛弃
1425,汽,qì,汽船,汽笛,汽艇
1426,契,qì,地契,房契,默契
1427,砌,qì,雕砌,堆砌,铺砌
1428,器,qì,成器,瓷器,电器
1429,恰,qià,恰当,恰好,恰恰
1430,千,qiān,千鸟,千瓦,千万
1431,迁,qiān,搬迁,变迁,播迁
1432,牵,qiān,牵掣,牵挂,牵累
1433,铅,qiān,铅笔盒,削铅笔,削铅笔器
1434,谦,qiān,谦卑,谦恭,谦让
1435,签,qiān,标签,掣签,抽签
1436,前,qián,从前,当前,面前
1437,钱,qián,茶钱,存钱,讹钱
1438,潜,qián,潜力,潜能,潜鸟
1439,浅,qiǎn,肤浅,搁浅,浅薄
1440,遣,qiǎn,差遣,调遣,派遣
1441,欠,qiàn,倒欠,哈欠,欠打
1442,枪,qiāng,步枪,长枪,持枪
1443,腔,qiāng,京腔,满腔,腔调
1444,强,qiáng,逞强,高强,豪强
1445,墙,qiáng,板墙,抹墙,骑墙
1446,抢,qiǎng,被抢,抢夺,抢攻
1447,悄,qiāo,悄悄,悄然,静悄悄
1448,敲,qiāo,敲定,敲门,推敲
1449,乔,qiáo,乔木,乔装,常绿乔木
1450,桥,qiáo,吊桥,架桥,桥墩
1451,瞧,qiáo,瞧见,小瞧,东瞧西望
1452,巧,qiǎo,工巧,乖巧,技巧
1453,切,qiè,悲切,反切,剀切
1454,茄,jiā,番茄,茄子,雪茄
1455,且,qiě,并且,而且,姑且
1456,窃,qiè,盗窃,僭窃,绺窃
1457,亲,qīn,成亲,父亲,近亲
1458,侵,qīn,侵夺,侵犯,侵害
1459,秦,qín,秦始皇,朝秦暮楚,大秦
1460,琴,qín,钢琴,琴瑟,琴弦
1461,禽,qín,飞禽,鸣禽,禽兽
1462,勤,qín,勤奋,勤快,勤劳
1463,青,qīng,靛青,沥青,青草
1464,氢,qīng,氢键,氢气,氢氯酸
1465,轻,qīng,从轻,年轻,轻慢
1466,倾,qīng,倾覆,倾圮,倾诉
1467,清,qīng,澄清,高清,看清
1468,情,qíng,爱情,案情,表情
1469,晴,qíng,放晴,烘晴,晴朗
1470,顷,qǐng,公顷,顷刻,俄顷
1471,请,qǐng,聘请,请假,请命
1472,庆,qìng,欢庆,庆生,庆祝
1473,穷,qióng,贫穷,穷苦,穷困
1474,丘,qiū,闾丘,丘陵,丘垄
1475,秋,qiū,寒秋,立秋,秋播
1476,蚯,qiū,蚯蚓,,
1477,求,qiú,供求,苛求,企求
1478,球,qiú,半球,棒球,臭球
1479,区,qū,地区,郊区,区区
1480,曲,qū,编曲,插曲,词曲
1481,驱,qū,驱除,驱动,驱散
1482,屈,qū,屈膝,屈指,委屈
1483,躯,qū,捐躯,躯体,身躯
1484,趋,qū,趋势,趋之若鹜,日趋严重
1485,取,qǔ,拔取,备取,博取
1486,娶,qǔ,婚娶,娶妻,娶妾
1487,去,qù,出去,除去,归去
1488,趣,qù,乐趣,情趣,趣味
1489,圈,quān,畜圈,倒圈,兜圈
1490,全,quán,安全,苟全,齐全
1491,权,quán,版权,当权,权当
1492,泉,quán,矿泉,泉水,温泉
1493,拳,quán,猜拳,搳拳,划拳
1494,犬,quǎn,獒犬,警犬,猎犬
1495,劝,quàn,奉劝,规劝,劝告
1496,券,quàn,彩券,奖券,融券
1497,缺,quē,差缺,欠缺,缺乏
1498,却,què,冷却,忘却,除却
1499,雀,què,宾雀,孔雀,麻雀
1500,确,què,的确,明确,确保
1501,鹊,què,喜鹊,喜鹊,鹊起
1502,裙,qún,短裙,裙襬,裙带
1503,群,qún,超群,群从,群岛
1504,然,rán,必然,贲然,不然
1505,燃,rán,点燃,燃灯,燃放
1506,染,rǎn,传染,感染,染病
1507,嚷,rǎng,闹嚷,嚷嚷,闹嚷嚷
1508,壤,rǎng,红壤,接壤,僻壤
1509,让,ràng,出让,割让,谦让
1510,饶,ráo,丰饶,富饶,求饶
1511,扰,rǎo,打扰,干扰,侵扰
1512,绕,rào,缠绕,缭绕,绕弯
1513,惹,rě,惹火,惹祸,惹毛
1514,热,rè,趁热,炽热,瘅热
1515, A, A,,,
1516,仁,rén,果仁,仁慈,同仁
1517,忍,rěn,残忍,忍耐,忍让
1518,认,rèn,辨认,承认,否认
1519,任,rèn,级任,己任,兼任
1520,扔,rēng,扔掉,扔弃,扔球
1521,仍,réng,仍然,仍是,仍未
1522,日,rì,当日,假日,节日
1523,绒,róng,鹅绒,貉绒,棉绒
1524,荣,róng,繁荣,光荣,荣幸
1525,容,róng,从容,兼容,宽容
1526,溶,róng,溶洞,水溶液,互溶
1527,熔,róng,熔炉,熔铸,熔点
1528,融,róng,交融,金融,融合
1529,柔,róu,娇柔,柔和,柔软
1530,肉,ròu,剁肉,肌肉,鸡肉
1531,如,rú,比如,贲如,浑如
1532,儒,rú,儒家,儒将,儒学
1533,乳,rǔ,哺乳,母乳,乳齿
1534,辱,rǔ,耻辱,凌辱,嫚辱
1535,入,rù,插入,羼入,出入
1536,软,ruǎn,绵软,柔软,软缎
1537,锐,ruì,锋锐,尖锐,敏锐
1538,瑞,ruì,瑞雪,瑞玉,祥瑞
1539,润,rùn,潮润,利润,润滑
1540,若,ruò,般若,如若,若干
1541,弱,ruò,薄弱,孱弱,脆弱
1542,撒,sā,播撒,撒谎,撒娇
1543,洒,sǎ,洒家,洒脱,潇洒
1544,萨,sà,拉萨,披萨,菩萨
1545,塞,sāi,堵塞,耳塞,梗塞
1546,赛,sài,比赛,参赛,大赛
1547,三,sān,瘪三,三成,三点
1548,伞,sǎn,撑伞,伞兵,雨伞
1549,散,sàn,解散,溃散,扩散
1550,桑,sāng,沧桑,桑葚,桑树
1551,嗓,sǎng,倒嗓,嗓门,喊哑嗓子
1552,丧,sàng,吊丧,沮丧,丧家
1553,扫,sǎo,扫除,扫荡,扫黄
1554,嫂,sǎo,大嫂,姑嫂,嫂嫂
1555,色,sè,白色,彩色,嗔色
1556,森,sēn,森林,森严,阴森
1557,僧,sēng,老僧,僧侣,僧人
1558,杀,shā,封杀,抹杀,谋杀
1559,沙,shā,豆沙,沙发,沙砾
1560,纱,shā,婚纱,绛纱,面纱
1561,刹,shā,宝刹,刹那,梵刹
1562,砂,shā,翻砂,砂糖,翻砂铸工
1563,啥,shá,啥事,啥子,算啥
1564,傻,shǎ,傻瓜,傻劲,傻住
1565,晒,shài,晾晒,曝晒,晒干
1566,山,shān,冰山,朝山,岱山
1567,杉,shān,杉木,水杉,野杉
1568,衫,shān,衬衫,葛衫,汗衫
1569,珊,shān,珊瑚,珊瑚礁,阑珊
1570,闪,shǎn,闪电,闪亮,闪神
1571,陕,shǎn,陕北,陕西,陕甘宁
1572,扇,shàn,吊扇,风扇,绢扇
1573,善,shàn,改善,善良,善于
1574,伤,shāng,悲伤,创伤,刮伤
1575,商,shāng,厂商,从商,磋商
1576,赏,shǎng,观赏,赍赏,犒赏
1577,±,±,,,
1578,尚,shàng,高尚,好尚,和尚
1579,梢,shāo,钉梢,眉梢,末梢
1580,烧,shāo,焙烧,焚烧,红烧
1581,稍,shāo,稍等,稍事,稍微
1582,少,shǎo,不少,多少,恶少
1583,绍,shào,介绍,据介绍,自我介绍
1584,哨,shào,花哨,骑哨,哨兵
1585,舌,shé,唇舌,火舌,嚼舌
1586,蛇,shé,毒蛇,蝮蛇,蟒蛇
1587,舍,shě,畜舍,村舍,房舍
1588,设,shè,摆设,假设,建设
1589,社,shè,社会,社稷,社交
1590,射,shè,发射,辐射,镭射
1591,涉,shè,跋涉,干涉,交涉
1592,摄,shè,拍摄,摄取,摄影
1593,申,shēn,丙申,庚申,甲申
1594,伸,shēn,伸出,伸曲,伸展
1595,身,shēn,本身,出身,独身
1596,深,shēn,深奥,深度,深耕
1597,神,shén,传神,渎神,供神
1598,审,shěn,评审,审查,审核
1599,婶,shěn,大婶,婶婶,阿婶
1600,肾,shèn,肾脏,肾病,肾击
1601,甚,shèn,忒甚,逾甚,逼人太甚
1602,渗,shèn,渗出,渗入,渗沟
1603,慎,shèn,不慎,谨慎,慎重
1604,升,shēng,飙升,黜升,晋升
1605,生,shēng,出生,畜生,诞生
1606,声,shēng,歌声,官声,鼾声
1607,牲,shēng,畜牲,牲畜,牲口
1608,绳,shéng,灯绳,缰绳,麻绳
1609,省,shěng,反省,节省,省份
1610,胜,shèng,不胜,得胜,好胜
1611,圣,shèng,朝圣,神圣,圣人
1612,盛,shèng,昌盛,炽盛,蕃盛
1613,剩,shèng,过剩,剩菜,剩余
1614,尸,shī,浮尸,僵尸,尸骸
1615,失,shī,差失,得失,丢失
1616,师,shī,拜师,镖师,禅师
1617,诗,shī,古诗,和诗,诗歌
1618,施,shī,布施,措施,设施
1619,狮,shī,狮子,狮鬃,舞狮
1620,湿,shī,潮湿,风湿,淋湿
1621,十,shí,十点,十分,十干
1622,什,shén,家什,什么,什锦
1623,石,shí,贲石,磁石,化石
1624,时,shí,按时,此时,当时
1625,识,shí,胆识,结识,认识
1626,实,shí,诚实,充实,瓷实
1627,拾,shí,掇拾,拾掇,拾起
1628,蚀,shí,剥蚀,腐蚀,侵蚀
1629,食,shí,哺食,捕食,伙食
1630,史,shǐ,稗史,历史,秘史
1631,使,shǐ,差使,出使,促使
1632,始,shǐ,倡始,更始,开始
1633,驶,shǐ,驾驶,行驶,驾驶舱
1634,土,tǔ,扒土,铲土,尘土
1635,氏,shì,姓氏,阏氏,摄氏度
1636,世,shì,出世,辞世,混世
1637,市,shì,超市,城市,都市
1638,示,shì,暗示,表示,示爱
1639,式,shì,板式,等式,发式
1640,事,shì,碍事,办事,差事
1641,侍,shì,服侍,侍从,侍郎
1642,势,shì,得势,情势,趋势
1643,视,shì,傲视,鄙视,盯视
1644,试,shì,测试,尝试,考试
1645,饰,shì,服饰,首饰,纹饰
1646,室,shì,舱室,皇室,教室
1647,是,shì,但是,倒是,还是
1648,适,shì,合适,适当,适合
1649,逝,shì,病逝,飞逝,流逝
1650,释,shì,阐释,笺释,解释
1651,收,shōu,接收,没收,收费
1652,手,shǒu,把手,扳手,帮手
1653,守,shǒu,保守,操守,看守
1654,首,shǒu,匕首,部首,顿首
1655,寿,shòu,长寿,寿斑,寿面
1656,受,shòu,备受,承受,感受
1657,兽,shòu,怪兽,猛兽,禽兽
1658,售,shòu,出售,开售,零售
1659,授,shòu,传授,教授,授权
1660,瘦,shòu,干瘦,枯瘦,瘦弱
1661,书,shū,背书,丛书,吊书
1662,抒,shū,抒怀,抒情,各抒己见
1663,叔,shū,从叔,叔母,叔叔
1664,枢,shū,枢府,枢纽,枢庭
1665,殊,shū,殊荣,特殊,殊功劲节
1666,疏,shū,笺疏,生疏,疏忽
1667,舒,shū,舒畅,舒服,舒适
1668,输,shū,打输,输出,输给
1669,蔬,shū,蔬菜,菜蔬,蔬果
1670,熟,shú,成熟,面熟,熟番
1671,暑,shǔ,瘅暑,寒暑,暑假
1672,署,shǔ,部署,签署,署名
1673,属,shǔ,藩属,附属,归属
1674,鼠,shǔ,白鼠,老鼠,鼠标
1675,薯,shǔ,番薯,木薯,薯莨
1676,术,shù,方术,魔术,拳术
1677,束,shù,花束,结束,拘束
1678,述,shù,表述,阐述,陈述
1679,树,shù,桉树,柏树,枫树
1680,竖,shù,横竖,竖立,横七竖八
1681,数,shù,变数,差数,次数
1682,刷,shuā,发刷,刷牙,牙刷
1683,耍,shuǎ,耍赖,耍花招,耍流氓
1684,衰,shuāi,等衰,衰败,衰竭
1685,摔,shuāi,摔倒,摔跤,摔破
1686,甩,shuǎi,甩掉,甩开,甩脱
1687,帅,shuài,将帅,统帅,元帅
1688,双,shuāng,成双,双鬓,双鬟
1689,霜,shuāng,冰霜,霜冻,饱经风霜
1690,爽,shuǎng,豪爽,凉爽,爽快
1691,谁,shuí,谁的,谁都,鹿死谁手
1692,水,shuǐ,氨水,潮水,大水
1693,税,shuì,捐税,免税,纳税
1694,睡,shuì,沉睡,酣睡,昏睡
1695,顺,shùn,归顺,顺差,顺畅
1696,瞬,shùn,瞬间,转瞬,瞬间即逝
1697,说,shuō,传说,分说,敢说
1698,丝,sī,蚕丝,粉丝,蕾丝
1699,司,sī,盎司,公司,沙司
1700,私,sī,缉私,私奔,私了
1701,思,sī,才思,反思,构思
1702,斯,sī,斯文,瓦斯,螽斯
1703,撕,sī,撕扯,撕裂,撕碎
1704,死,sǐ,濒死,处死,吊死
1705,四,sì,四成,四处,四点
1706,寺,sì,佛寺,寺庙,寺院
1707,似,shì,浑似,酷似,类似
1708,饲,sì,饲料,饲养,饲养员
1709,松,sōng,放松,劲松,轻松
1710,耸,sǒng,耸动,耸肩,高耸
1711,宋,sòng,北宋,仿宋,南宋
1712,送,sòng,播送,递送,发送
1713,颂,sòng,称颂,歌颂,颂扬
1714,搜,sōu,搜集,搜罗,搜索
1715,艘,sōu,一艘船,艘次,
1716,苏,sū,流苏,噜苏,苏杭
1717,俗,sú,伧俗,从俗,风俗
1718,诉,sù,告诉,倾诉,上诉
1719,肃,sù,肃穆,严肃,森严肃穆
1720,素,sù,吃素,缟素,寒素
1721,速,sù,加速,快速,速度
1722,宿,sù,伴宿,半宿,成宿
1723,塑,sù,雕塑,塑胶,塑料
1724,酸,suān,胺酸,醋酸,醋酸
1725,蒜,suàn,大蒜,捣蒜,蒜蓉
1726,算,suàn,打算,倒算,掂算
1727,虽,suī,虽然,虽说,虽则
1728,随,suí,伴随,跟随,随便
1729,髓,suǐ,骨髓,精髓,脊髓
1730,岁,suì,贺岁,几岁,岁末
1731,遂,suì,不遂,遂心,遂愿
1732,碎,suì,打碎,捣碎,零碎
1733,穗,suì,稻穗,麦穗,吐穗
1734,孙,sūn,稻孙,儿孙,孙儿
1735,损,sǔn,耗损,亏损,磨损
1736,笋,sǔn,春笋,冬笋,芦笋
1737,缩,suō,紧缩,浓缩,蜷缩
1738,所,suǒ,厕所,场所,处所
1739,索,suǒ,钢索,勒索,利索
1740,锁,suǒ,倒锁,封锁,枷锁
1741,他,tā,吉他,排他,其他
1742,它,tā,其它,它们,排它锁
1743,她,tā,她们,她经济,
1744,塌,tā,倒塌,塌陷,坍塌
1745,塔,tǎ,宝塔,灯塔,塔吊
1746,踏,tà,踩踏,践踏,踏板
1747,胎,tāi,胞胎,备胎,打胎
1748,台,tái,出台,窗台,倒台
1749,抬,tái,抬杠,抬高,抬举
1750,太,tài,老太,太差,太阿
1751,态,tài,动态,憨态,静态
1752,泰,tài,泰水,泰铢,发积变泰
1753,贪,tān,贪渎,贪婪,贪污
1754,摊,tān,摊子,散摊儿,散摊子
1755,滩,tān,海滩,浅滩,抢滩
1756,坛,tán,骨坛,醮坛,坛子
1757,谈,tán,畅谈,扯谈,访谈
1758,潭,tán,泥潭,深潭,龙潭虎穴
1759,坦,tǎn,平坦,坦白,坦露
1760,叹,tàn,感叹,嗟叹,慨叹
1761,炭,tàn,焦炭,木炭,生灵涂炭
1762,探,tàn,勘探,窥探,伺探
1763,碳,tàn,碳酸,二氧化碳,碳酰基
1764,汤,tāng,羹汤,汤匙,汤面
1765,唐,táng,荒唐,隋唐,唐朝
1766,堂,táng,庵堂,禅堂,祠堂
1767,塘,táng,池塘,荷塘,水塘
1768,糖,táng,砂糖,糖苷,糖果
1769,躺,tǎng,躺下,躺椅,躺倒
1770,趟,tàng,空跑一趟,赶趟,趟地
1771,涛,tāo,波涛,海涛,浪涛
1772,掏,tāo,掏腰包,掏底,掏摸
1773,逃,táo,卷逃,难逃,叛逃
1774,桃,táo,核桃,胡桃,蟠桃
1775,陶,táo,陶瓷,陶偶,陶器
1776,淘,táo,淘金,淘气,淘汰
1777,萄,táo,葡萄,葡萄干,葡萄苷
1778,讨,tǎo,探讨,讨论,讨厌
1779,套,tào,客套,乱套,手套
1780,特,tè,独特,模特,特别
1781,腾,téng,奔腾,倒腾,沸腾
1782,藤,téng,葛藤,藤梨,藤蔓
1783,疼,téng,发疼,疼爱,疼痛
1784,梯,tī,电梯,扶梯,阶梯
1785,踢,tī,踢球,拳打脚踢,踢足球
1786,啼,tí,哀啼,朝啼,啼叫
1787,提,tí,提防,提溜,菩提
1788,题,tí,标题,话题,难题
1789,蹄,tí,牛蹄,马不停蹄,白蹄
1790,体,tǐ,病体,得体,胴体
1791,替,tì,代替,倒替,更替
1792,天,tiān,白天,成天,春天
1793,添,tiān,添堵,添加,增添
1794,田,tián,丹田,稻田,耕田
1795,甜,tián,甘甜,甜美,甜蜜
1796,填,tián,填料,填写,装填
1797,挑,tiāo,挑剔,挑选,挑拨
1798,条,tiáo,长条,肋条,面条
1799,跳,tiào,跳板,跳票,跳绳
1800,贴,tiē,补贴,倒贴,锅贴
1801,铁,tiě,磁铁,地铁,锻铁
1802,厅,tīng,餐厅,大厅,迪厅
1803,听,tīng,打听,盗听,谛听
1804,廷,tíng,朝廷,宫廷,教廷
1805,亭,tíng,凉亭,亭子,电话亭
1806,庭,tíng,当庭,法庭,家庭
1807,停,tíng,不停,调停,停泊
1808,蜓,tíng,蜻蜓,蜻蜓刺玉,蜻蜓点水
1809,挺,tǐng,笔挺,坚挺,力挺
1810,艇,tǐng,划艇,舰艇,快艇
1811,通,tōng,变通,不通,畅通
1812,同,tóng,共同,苟同,合同
1813,桐,tóng,梧桐,泡桐,桐树
1814,铜,tóng,黄铜,青铜,铜币
1815,童,tóng,龀童,儿童,童话
1816,统,tǒng,传统,笼统,统舱
1817,桶,tǒng,马桶,木桶,筲桶
1818,筒,tǒng,笔筒,唧筒,听筒
1819,痛,tòng,惨痛,发痛,绞痛
1820,偷,tōu,被偷,偷盗,偷渡
1821,头,tóu,鳌头,扒头,白头
1822,投,tóu,公投,投敌,投递
1823,透,tòu,湿透,透过,透漏
1824,突,tū,冲突,突变,突出
1825,图,tú,地图,鸿图,画图
1826,徒,tú,歹徒,匪徒,门徒
1827,涂,tú,糊涂,涂抹,涂油
1828,途,tú,长途,归途,旅途
1829,屠,tú,屠夫,屠宰,血腥屠杀
1830,±,±,,,
1831,吐,tǔ,呕吐,倾吐,吐哺
1832,兔,tù,兔子,守株待兔,白兔
1833,团,tuán,饭团,集团,谜团
1834,推,tuī,力推,推测,推迟
1835,腿,tuǐ,大腿,鸡腿,裤腿
1836,退,tuì,撤退,黜退,倒退
1837,吞,tūn,并吞,侵吞,吞声
1838,托,tuō,茶托,衬托,枪托
1839,拖,tuō,拖把,拖吊,拖动
1840,脱,tuō,摆脱,超脱,讹脱
1841,驼,tuó,骆驼,驼峰,驼鹿
1842,妥,tuǒ,办妥,不妥,搞妥
1843,拓,tuò,开拓,拓荒,拓文
1844,唾,tuò,唾骂,唾沫,唾液
1845,挖,wā,挖洞,挖掘,挖苦
1846,哇,wa,哇啦,哇哇,吱哩哇啦
1847,蛙,wā,青蛙,蛙人,井底之蛙
1848,娃,wá,布娃,尕娃,鸡娃
1849,瓦,wǎ,弄瓦,千瓦,瓦当
1850,歪,wāi,歪曲,歪斜,东倒西歪
1851,外,wài,舱外,此外,对外
1852,弯,wān,拐弯,绕弯,弯折
1853,湾,wān,海湾,台湾话,港湾
1854,丸,wán,弹丸,睾丸,丸子
1855,完,wán,完毕,完成,完美
1856,玩,wán,好玩,赏玩,玩家
1857,顽,wán,痹顽,顽梗,顽固
1858,挽,wǎn,挽额,挽歌,挽回
1859,晚,wǎn,傍晚,当晚,明晚
1860,碗,wǎn,饭碗,碗柜,碗筷
1861,万,wàn,百万,万俟,千万
1862,汪,wāng,汪汪,水汪汪,水汪汪
1863,亡,wáng,覆亡,流亡,伤亡
1864,王,wáng,大王,大王,帝王
1865,网,wǎng,官网,落网,撒网
1866,往,wǎng,赶往,过往,来往
1867,忘,wàng,备忘,难忘,忘记
1868,旺,wàng,旺季,旺盛,兴旺
1869,望,wàng,巴望,绝望,看望
1870,危,wēi,垂危,临危,危殆
1871,威,wēi,权威,示威,威逼
1872,微,wēi,卑微,卑微,寒微
1873,为,wèi,称为,成为,认为
1874,围,wéi,包围,堤围,范围
1875,违,wéi,久违,暌违,违拗
1876,唯,wéi,唯独,唯美,唯一
1877,惟,wéi,惟妙惟肖,惟我独尊,不惟
1878,维,wéi,恭维,挈维,思维
1879,伟,wěi,宏伟,魁伟,伟大
1880,伪,wěi,伪币,伪钞,伪劣
1881,尾,wěi,词尾,阑尾,排尾
1882,纬,wěi,经纬,纬度,北纬
1883,委,wěi,立委,委蛇,委屈
1884,萎,wēi,枯萎,萎蔫,萎缩
1885,卫,wèi,保卫,捍卫,侍卫
1886,未,wèi,并未,从未,丁未
1887,位,wèi,泊位,舱位,潮位
1888,味,wèi,臭味,乏味,京味
1889,胃,wèi,肠胃,胃癌,胃镜
1890,谓,wèi,何谓,可谓,所谓
1891,喂,wèi,喂哺,喂奶,喂食
1892,慰,wèi,安慰,吊慰,佩慰
1893,魏,wèi,围魏救赵,北魏,东魏
1894,温,wēn,高温,气温,温差
1895,文,wén,碑文,成文,吊文
1896,纹,wén,豹纹,平纹,条纹
1897,闻,wén,丑闻,绯闻,讣闻
1898,蚊,wén,蚊香,蚊子,熏蚊子
1899,吻,wěn,强吻,亲吻,吻别
1900,稳,wěn,维稳,稳当,稳定
1901,问,wèn,吊问,反问,访问
1902,翁,wēng,百万富翁,亿万富翁,富翁
1903,窝,wō,被窝,狗窝,腘窝
1904,我,wǒ,你我,我辈,我的
1905,沃,wò,肥沃,沃土,肥田沃土
1906,卧,wò,倒卧,卧倒,卧房
1907,握,wò,把握,握手,掌握
1908,乌,wū,乌龟,乌黑,乌鳢
1909,污,wū,玷污,垢污,淖污
1910,屋,wū,场屋,房屋,里屋
1911,无,wú,毫无,南无,无耻
1912,吴,wú,吴讴,吴语,吴牛喘月
1913,吾,wú,吾爱,吾辈,吾曹
1914,五,wǔ,五彩,五成,五点
1915,午,wǔ,丙午,庚午,甲午
1916,伍,wǔ,俦伍,队伍,落伍
1917,武,wǔ,动武,黩武,威武
1918,舞,wǔ,歌舞,起舞,跳舞
1919,务,wù,防务,服务,公务
1920,物,wù,财物,宠物,从物
1921,误,wù,差误,舛误,错误
1922,悟,wù,禅悟,感悟,觉悟
1923,雾,wù,大雾,雾鬓,雾气
1924,夕,xī,旦夕,前夕,夕晖
1925,西,xī,朝西,归西,西边
1926,吸,xī,呼吸,吸毒,吸管
1927,希,xī,希冀,希望,充满希望
1928,析,xī,分析,解析,解析
1929,息,xī,安息,本息,鼻息
1930,牺,xī,豢牺,牺牲,恶魔牺牲
1931,悉,xī,得悉,获悉,据悉
1932,惜,xī,不惜,顾惜,可惜
1933,晰,xī,清晰,思路清晰,明晰
1934,稀,xī,稀罕,稀少,稀土
1935,溪,xī,溪水潺潺,溪水琮琤,本溪
1936,锡,xī,焊锡,无锡,锡箔
1937,熙,xī,康熙,熙攘,熙熙攘攘
1938,嘻,xī,嘻哈,嘻嘻,皇帝曰嘻
1939,膝,xī,屈膝,膝盖,膝盖骨
1940,习,xí,复习,练习,摹习
1941,席,xí,衽席,衽席,袵席
1942,袭,xí,抄袭,来袭,摹袭
1943,媳,xí,儿媳,媳妇,儿媳妇
1944,洗,xǐ,冲洗,盥洗,漂洗
1945,喜,xǐ,恭喜,惊喜,窃喜
1946,戏,xì,把戏,没戏,调戏
1947,系,xì,嫡系,干系,关系
1948,细,xì,精细,苛细,细胞
1949,隙,xì,缝隙,间隙,空隙
1950,虾,xiā,龙虾,虾子,炸虾
1951,瞎,xiā,瞎猜,瞎逛,瞎忙
1952,峡,xiá,海峡,峡谷,地峡
1953,狭,xiá,狭隘,狭小,狭窄
1954,辖,xiá,管辖,直辖市,统辖
1955,霞,xiá,晚霞,云霞,朝霞
1956, T, T,,,
1957,吓,xià,恫吓,惊吓,恐吓
1958,夏,xià,立夏,盛夏,夏季
1959,厦,shà,大厦,噶厦,厦门
1960,仙,xiān,神仙,仙鹤,仙人
1961,先,xiān,尽先,领先,抢先
1962,纤,xiān,纤维,光纤,化纤
1963,掀,xiān,掀起,掀动,掀开
1964,鲜,xiān,尝鲜,海鲜,鲜花
1965,闲,xián,得闲,闲逛,闲聊
1966,弦,xián,断弦,弓弦,琴弦
1967,贤,xián,贤从,贤惠,贤良
1968,咸,xián,咸淡,咸水,咸味
1969,衔,xián,官衔,军衔,领衔
1970,嫌,xián,涉嫌,嫌疑,主嫌
1971,显,xiǎn,明显,浅显,凸显
1972,险,xiǎn,保险,冒险,脱险
1973,县,xiàn,郡县,县城,县尉
1974,现,xiàn,表现,呈现,出现
1975,线,xiàn,短线,缝线,横线
1976,限,xiàn,界限,无限,限制
1977,宪,xiàn,违宪,宪法,宪法条文
1978,陷,xiàn,沦陷,缺陷,塌陷
1979,献,xiàn,奉献,贡献,捐献
1980,腺,xiàn,腮腺,扁桃腺,毒腺
1981,乡,xiāng,故乡,乡村,乡绅
1982,相,xiāng,变相,丞相,互相
1983,香,xiāng,芳香,进香,闷香
1984,厢,xiāng,包厢,车厢,一厢情愿
1985,湘,xiāng,湘剧,湘戏,湘绣
1986,箱,xiāng,冰箱,烤箱,箱箧
1987,详,xiáng,不详,详情,详细
1988,祥,xiáng,安祥,慈祥,吉祥
1989,翔,xiáng,翱翔,翔实,展翅飞翔
1990,享,xiǎng,分享,享受,安享
1991,响,xiǎng,反响,混响,响彻
1992,想,xiǎng,猜想,幻想,空想
1993,向,xiàng,朝向,倒向,倒向
1994,巷,xiàng,里巷,闾巷,响彻闾巷
1995,项,xiàng,奖项,颈项,款项
1996,象,xiàng,抽象,对象,卦象
1997,像,xiàng,倒像,好像,很像
1998,橡,xiàng,橡胶,橡实,橡树
1999,削,xuē,剥削,切削,删削
2000,消,xiāo,取消,消乏,消防
2001,萧,xiāo,萧瑟,萧条,马萧
2002,硝,xiāo,硝基,硝碱,硝酸
2003,销,xiāo,畅销,传销,吊销
2004,小,xiǎo,矮小,从小,大小
2005,晓,xiǎo,揭晓,破晓,通晓
2006,孝,xiào,吊孝,孝顺,孝悌
2007,效,xiào,仿效,肥效,生效
2008,校,xiào,高校,将校,校对
2009,笑,xiào,爆笑,嘲笑,痴笑
2010,些,xiē,那些,些许,一些
2011,歇,xiē,停歇,歇气,歇宿
2012,协,xié,农协,妥协,协会
2013,胁,xié,威胁,胁迫,裹胁
2014,斜,xié,乜斜,倾斜,歪斜
2015,谐,xié,和谐,诙谐,谐谑
2016,携,xié,便携,挈携,提携
2017,鞋,xié,凉鞋,鞔鞋,跑鞋
2018,写,xiě,抄写,改写,描写
2019,泄,xiè,发泄,漏泄,排泄
2020,泻,xiè,吐泻,一泻千里,又吐又泻
2021,卸,xiè,拆卸,推卸,卸任
2022,屑,xiè,冰屑,不屑,煤屑
2023,械,xiè,机械,枪械,机械切削
2024,谢,xiè,不谢,酬谢,凋谢
2025,蟹,xiè,螃蟹,蟹壳,虾兵蟹将
2026,心,xīn,安心,背心,寸心
2027,辛,xīn,艰辛,辛丑,辛亥
2028,欣,xīn,欢欣,欣然,欣赏
2029,新,xīn,重新,创新,更新
2030,信,xìn,潮信,诚信,亶信
2031,兴,xīng,高兴,扫兴,新兴
2032,星,xīng,歌星,彗星,昏星
2033,猩,xīng,猩红,猩猩,红毛猩猩
2034,刑,xíng,处刑,从刑,服刑
2035,行,xíng,辈行,步行,操行
2036,形,xíng,雏形,畸形,菱形
2037,型,xíng,成型,定型,发型
2038,醒,xǐng,吵醒,唤醒,弄醒
2039,杏,xìng,杏脯,杏仁,银杏
2040,姓,xìng,百姓,姓名,姓氏
2041,幸,xìng,得幸,侥幸,荣幸
2042,性,xìng,本性,秉性,禀性
2043,凶,xiōng,帮凶,缉凶,吉凶
2044,兄,xiōng,从兄,老兄,兄嫂
2045,匈,xiōng,匈奴,南匈奴,匈牙利
2046,胸,xiōng,挺胸,心胸,胸部
2047,雄,xióng,雌雄,群雄,枭雄
2048,熊,xióng,黑熊,浣熊,熊猫
2049,休,xiū,匹休,倒休,退休
2050,修,xiū,维修,修堤,修订
2051,羞,xiū,害羞,羞惭,羞耻
2052,朽,xiǔ,不朽,腐朽,不朽之作
2053,秀,xiù,闺秀,娟秀,俊秀
2054,绣,xiù,潮绣,刺绣,锦绣
2055,袖,xiù,长袖,短袖,领袖
2056,嗅,xiù,嗅到,嗅觉,嗅不到
2057,须,xū,必须,胡须,卷须
2058,虚,xū,空虚,谦虚,心虚
2059,需,xū,供需,急需,内需
2060,徐,xú,徐步,徐缓,徐徐
2061,许,xǔ,倒许,嘉许,默许
2062,序,xù,词序,次序,倒序
2063,叙,xù,倒叙,叙述,插叙
2064,畜,chù,畜圈,畜舍,畜牲
2065,绪,xù,端绪,就绪,情绪
2066,续,xù,持续,后续,继续
2067,蓄,xù,储蓄,含蓄,积蓄
2068,宣,xuān,宣布,宣称,宣传
2069,玄,xuán,玄奥,玄机,玄孙
2070,悬,xuán,倒悬,悬吊,悬壶
2071,旋,xuán,凯旋,螺旋,斡旋
2072,选,xuǎn,大选,当选,候选
2073,穴,xué,巢穴,洞穴,穴位
2074,学,xué,办学,辍学,大学
2075,雪,xuě,风雪,滑雪,瑞雪
2076,血,xuè,便血,补血,充血
2077,寻,xún,搜寻,寻觅,寻找
2078,巡,xún,巡回,巡警,巡逻
2079,询,xún,查询,询问,咨询
2080,循,xún,循环,遵循,恶性循环
2081,训,xùn,诂训,故训,笺训
2082,讯,xùn,简讯,审讯,通讯
2083,迅,xùn,迅即,迅猛,迅速
2084,压,yā,低压,高压,碾压
2085,呀,ya,啊呀,哎呀,唉呀
2086,鸦,yā,松鸦,乌鸦,鸦默雀静
2087,鸭,yā,烤鸭,熏鸭,鸭蹼
2088,牙,yá,拔牙,板牙,龅牙
2089,芽,yá,出芽,豆芽,发芽
2090,崖,yá,山崖,悬崖,崖岸
2091,哑,yǎ,聋哑,沙哑,嘶哑
2092,雅,yǎ,尔雅,风雅,雅称
2093,亚,yà,匹亚,亚军,阿摩尼亚
2094,咽,yàn,哽咽,吞咽,下咽
2095,烟,yān,抽烟,炊烟,戒烟
2096,淹,yān,水淹,淹没,淹博
2097,延,yán,稽延,蔓延,绵延
2098,严,yán,从严,解严,戒严
2099,言,yán,悖言,谗言,谶言
2100,岩,yán,基岩,岩浆,岩石
2101,沿,yán,沿海,沿街,沿路
2102,炎,yán,发炎,炎热,炎暑
2103,研,yán,调研,考研,科研
2104,盐,yán,胺盐,铬盐,矿盐
2105,颜,yán,红颜,容颜,素颜
2106,衍,yǎn,繁衍,敷衍,衍生
2107,掩,yǎn,掩护,掩埋,掩饰
2108,眼,yǎn,瞪眼,放眼,阖眼
2109,演,yǎn,扮演,表演,导演
2110,厌,yàn,讨厌,厌倦,百读不厌
2111,宴,yàn,吊宴,赴宴,婚宴
2112,艳,yàn,斗艳,娇艳,惊艳
2113,验,yàn,测验,化验,检验
2114,焰,yàn,光焰,烘焰,火焰
2115,雁,yàn,大雁,飞雁,鸿雁
2116,燕,yàn,家燕,燕子,雏燕
2117,央,yāng,央行,央浼,央视
2118,扬,yáng,不扬,弘扬,戚扬
2119,羊,yáng,赶羊,羔羊,羚羊
2120,阳,yáng,朝阳,欧阳,太阳
2121,杨,yáng,胡杨,杨柳,杨桃
2122,洋,yáng,光洋,海洋,洋气
2123,仰,yǎng,敬仰,佩仰,信仰
2124,养,yǎng,包养,哺养,抚养
2125,氧,yǎng,臭氧,氧气,胺化氧
2126,痒,yǎng,技痒,扒痒,怕痒
2127,样,yàng,模样,那样,式样
2128,腰,yāo,叉腰,哈腰,拤腰
2129,邀,yāo,邀请,应邀,电邀
2130,摇,yáo,动摇,摇摆,摇荡
2131,遥,yáo,逍遥,遥控,遥远
2132,咬,yǎo,啃咬,咬牙,虫咬鼠啮
2133,药,yào,春药,捣药,毒药
2134,要,yào,必要,撮要,纲要
2135,耀,yào,夸耀,荣耀,炫耀
2136,爷,yé,大爷,倒爷,佛爷
2137,也,yě,倒也,也许,溜之乎也
2138,冶,yě,陶冶,妖冶,冶步
2139,野,yě,朝野,旷野,撒野
2140,业,yè,报业,毕业,产业
2141,叶,yè,茶叶,枫叶,荷叶
2142,页,yè,合页,网页,页面
2143,夜,yè,当夜,昏夜,前夜
2144,液,yè,黏液,唾液,血液
2145,—,—,,,
2146,伊,yī,伊人,木乃伊,凯伊
2147,衣,yī,便衣,穿衣,鹑衣
2148,医,yī,法医,军医,求医
2149,依,yī,皈依,依从,依法
2150,仪,yí,朝仪,幢仪,浑仪
2151,夷,yí,鄙夷,凌夷,枭夷
2152,宜,yí,不宜,得宜,便宜
2153,姨,yí,阿姨,姨妈,姨太太
2154,移,yí,搬移,漂移,飘移
2155,遗,yí,无遗,遗产,遗传
2156,疑,yí,迟疑,怀疑,祛疑
2157,乙,yǐ,乙丑,乙酐,乙亥
2158,已,yǐ,而已,已婚,已经
2159,以,yǐ,得以,给以,冠以
2160,矣,yǐ,大人作矣,大事去矣,道斯胜矣
2161,蚁,yǐ,白蚁,蚂蚁,兵蚁
2162,椅,yǐ,轮椅,躺椅,藤椅
2163,义,yì,本义,词义,定义
2164,亿,yì,十亿,亿万,一百亿
2165,忆,yì,回忆,记忆,追忆
2166,艺,yì,工艺,技艺,卖艺
2167,议,yì,参议,倡议,刍议
2168,亦,yì,不亦乐乎,盗亦有道,反之亦然
2169,异,yì,差异,诧异,诡异
2170,役,yì,兵役,差役,服役
2171,抑,yì,压抑,抑或,抑郁
2172,译,yì,翻译,通译,译名
2173,易,yì,交易,嫚易,贸易
2174,疫,yì,鼠疫,瘟疫,疫苗
2175,益,yì,裨益,得益,公益
2176,谊,yì,联谊,戚谊,情谊
2177,逸,yì,安逸,逃逸,冶逸
2178,意,yì,诚意,创意,醋意
2179,溢,yì,横溢,洋溢,溢出
2180,毅,yì,刚毅,毅力,毅然
2181,翼,yì,鼻翼,机翼,两翼
2182,因,yīn,归因,基因,因此
2183,阴,yīn,阴部,阴惨,阴道
2184,音,yīn,播音,潮音,发音
2185,吟,yín,呻吟,吟唱,吟咏
2186,银,yín,镀银,官银,水银
2187,引,yǐn,勾引,汲引,牵引
2188,饮,yǐn,畅饮,啜饮,豪饮
2189,蚓,yǐn,蚯蚓,尺蚓穿堤,春蛇秋蚓
2190,隐,yǐn,恻隐,归隐,隐藏
2191,印,yìn,盗印,复印,刻印
2192,应,yīng,答应,供应,回应
2193,英,yīng,瑶英,英镑,英俊
2194,婴,yīng,男婴,女婴,婴儿
2195,鹰,yīng,老鹰,兀鹰,鹞鹰
2196,迎,yíng,逢迎,欢迎,迎接
2197,盈,yíng,盈余,宾客盈门,沸反盈天
2198,营,yíng,经营,橘营,蓝营
2199,蝇,yíng,苍蝇,马蝇,蝇蛆
2200,赢,yíng,打赢,输赢,赢得
2201,影,yǐng,倒影,电影,烘影
2202,映,yìng,播映,倒映,反映
2203,硬,yìng,绷硬,坚硬,僵硬
2204,哟,yō,哎哟,嗨哟,啊哟
2205,拥,yōng,簇拥,相拥,拥抱
2206,永,yǒng,隽永,永恒,永久
2207,泳,yǒng,蝶泳,泳池,泳裤
2208,勇,yǒng,奋勇,骁勇,勇敢
2209,涌,yǒng,潮涌,汹涌,涌入
2210,用,yòng,备用,采用,盗用
2211,优,yōu,从优,女优,特优
2212,忧,yōu,担忧,忧愁,忧患
2213,幽,yōu,幽会,幽灵,幽默
2214,悠,yōu,忽悠,晃悠,悠久
2215,尤,yóu,蚩尤,尤其,尤物
2216,犹,yóu,犹如,犹太,犹豫
2217,由,yóu,根由,理由,冶由
2218,邮,yóu,集邮,邮差,邮戳
2219,油,yóu,柏油,柴油,蚝油
2220,游,yóu,遨游,畅游,导游
2221,友,yǒu,笔友,队友,好友
2222,有,yǒu,持有,富有,还有
2223,又,yòu,想了又想,又吐又泻,又羡又妒
2224,右,yòu,右边,右脚,右肋
2225,幼,yòu,幼儿,幼小,幼芽
2226,诱,yòu,引诱,诱饵,诱发
2227,于,yú,单于,处于,对于
2228,予,yǔ,赐予,赋予,给予
2229,余,yú,多余,富余,其余
2230,鱼,yú,鲍鱼,鳊鱼,捕鱼
2231,娱,yú,娱乐,娱乐场所,娱乐圈
2232,渔,yú,渔船,渔村,渔港
2233,愉,yú,愉快,旅途愉快,欢愉
2234,愚,yú,愚蠢,愚昧,愚弄
2235,与,yǔ,参与,交与,授与
2236,宇,yǔ,栋宇,梵宇,寰宇
2237,羽,yǔ,缟羽,铩羽,羽毛
2238,雨,yǔ,暴雨,降雨,雷雨
2239,语,yǔ,标语,秽语,偈语
2240,玉,yù,碧玉,佩玉,佩玉
2241,吁,xū,呼吁,吁请,长吁短叹
2242,育,yù,贲育,哺育,肥育
2243,郁,yù,馥郁,闷郁,浓郁
2244,狱,yù,地狱,监狱,牢狱
2245,浴,yù,淋浴,沐浴,浴场
2246,预,yù,预定,预订,预防
2247,域,yù,海域,空域,领域
2248,欲,yù,六欲,情欲,食欲
2249,喻,yù,暗喻,比喻,比喻失当
2250,寓,yù,公寓,寓居,寓所
2251,御,yù,抵御,捍御,御寒
2252,裕,yù,充裕,富裕,宽裕
2253,遇,yù,际遇,冷遇,礼遇
2254,愈,yù,痊愈,愈加,每况愈下
2255,誉,yù,名誉,荣誉,赞誉
2256,豫,yù,犹豫,犹豫不决,犹豫未决
2257,元,yuán,多元,解元,银元
2258,员,yuán,成员,党员,店员
2259,园,yuán,菜园,花园,农园
2260,原,yuán,草原,复原,高原
2261,圆,yuán,长圆,方圆,桂圆
2262,袁,yuán,袁峰,袁安高卧,袁宏瑞
2263,援,yuán,救援,援手,援引
2264,缘,yuán,边缘,分缘,绝缘
2265,源,yuán,电源,根源,开源
2266,远,yuǎn,长远,多远,疏远
2267,怨,yuàn,抱怨,嗔怨,恩怨
2268,院,yuàn,场院,道院,妓院
2269,愿,yuàn,甘愿,宁愿,情愿
2270,曰,yuē,子曰,或曰,重曰
2271,约,yuē,赴约,和约,婚约
2272,月,yuè,八月,当月,二月
2273,岳,yuè,山岳,五岳,岳父
2274,钥,yào,钥匙,备用钥匙,公钥
2275,悦,yuè,不悦,和悦,取悦
2276,阅,yuè,订阅,阀阅,翻阅
2277,跃,yuè,雀跃,跳跃,踊跃
2278,越,yuè,超越,僭越,跨越
2279,云,yún,多云,风云,雷云
2280,匀,yún,均匀,匀称,匀溜
2281,允,yǔn,公允,应允,允当
2282,孕,yùn,怀孕,孕育,避孕套
2283,运,yùn,搬运,漕运,倒运
2284,晕,yūn,灯晕,发晕,光晕
2285,韵,yùn,叠韵,风韵,音韵
2286,蕴,yùn,蕴含,蕴藉,包蕴
2287,杂,zá,嘈杂,羼杂,复杂
2288,砸,zá,搞砸,砸锅,砸坏
2289,灾,zāi,潮灾,澹灾,旱灾
2290,栽,zāi,盆栽,栽培,栽赃
2291,宰,zǎi,屠宰,宰相,主宰
2292,载,zài,报载,承载,搭载
2293,再,zài,再不,再次,再度
2294,在,zài,存在,好在,留在
2295,咱,zán,多咱,那咱,咱家
2296,暂,zàn,短暂,暂时,暂停
2297,赞,zàn,参赞,称赞,夸赞
2298,脏,zàng,肮脏,肺脏,腑脏
2299,葬,zàng,厚葬,殓葬,埋葬
2300,遭,zāo,惨遭,遭拒,遭受
2301,糟,zāo,搞糟,酒糟,醪糟
2302,早,zǎo,迟早,尽早,稍早
2303,枣,zǎo,红枣,枣子,囫囵吞枣
2304,藻,zǎo,海藻,藻类,蓝藻界
2305,灶,zào,倒灶,垄灶,炉灶
2306,皂,zào,肥皂,香皂,皂白
2307,造,zào,编造,创造,打造
2308,噪,zào,聒噪,噪音,噪音污染
2309,燥,zào,口干舌燥,枯燥乏味,枯燥无味
2310,躁,zào,暴躁,烦躁,浮躁
2311,则,zé,否则,规则,原则
2312,择,zé,抉择,选择,择期
2313,泽,zé,草泽,德泽,恩泽
2314,责,zé,嗔责,斥责,负责
2315,贼,zéi,盗贼,闹贼,贼多
2316,怎,zěn,怎么,怎样,怎么办
2317,曾,céng,曾经,未曾,曾孙
2318,增,zēng,大增,激增,遽增
2319,赠,zèng,捐赠,馈赠,贻赠
2320,渣,zhā,残渣,渣滓,沉渣
2321,扎,zhā,绑扎,包扎,飞扎
2322,眨,zhǎ,眨眼,眨巴,眼睛一眨
2323,炸,zhà,爆炸,轰炸,气炸
2324,摘,zhāi,文摘,摘要,采摘
2325,宅,zhái,国宅,豪宅,民宅
2326,窄,zhǎi,狭窄,窄小,宽窄
2327,债,zhài,赌债,国债,还债
2328,沾,zhān,不沾,沾边,沾光
2329,粘,zhān,粘连,粘贴,粘牙
2330,展,zhǎn,参展,车展,发展
2331,占,zhàn,独占,侵占,蓍占
2332,战,zhàn,备战,反战,寒战
2333,站,zhàn,测站,车站,驿站
2334,张,zhāng,贲张,开张,夸张
2335,章,zhāng,徽章,领章,佩章
2336,涨,zhǎng,高涨,泡涨,涨潮
2337,掌,zhǎng,拊掌,鼓掌,魔掌
2338,丈,zhàng,方丈,万丈,岳丈
2339,仗,zhàng,败仗,爆仗,打仗
2340,帐,zhàng,床帐,付帐,混帐
2341,胀,zhàng,膨胀,胀气,昏头胀脑
2342,账,zhàng,倒账,付账,轧账
2343,障,zhàng,板障,保障,残障
2344,招,zhāo,诚招,出招,高招
2345,找,zhǎo,倒找,寻找,找碴
2346,召,zhào,感召,号召,宣召
2347,兆,zhào,噩兆,吉兆,前兆
2348,赵,zhào,完璧归赵,围魏救赵,赵体
2349,照,zhào,按照,官照,护照
2350,罩,zhào,口罩,笼罩,乳罩
2351,遮,zhē,遮蔽,遮盖,遮羞
2352,折,zhé,存折,挫折,曲折
2353,哲,zhé,哲理,哲学,哲学家
2354,者,zhě,笔者,病者,卜者
2355,这,zhè,这边,这次,这里
2356,浙,zhè,江浙,浙江,浙江省
2357,针,zhēn,别针,打针,缝针
2358,侦,zhēn,侦办,侦察,侦查
2359,珍,zhēn,袖珍,珍宝,珍贵
2360,真,zhēn,逼真,传真,当真
2361,诊,zhěn,就诊,扪诊,切诊
2362,枕,zhěn,落枕,衾枕,枕藉
2363,阵,zhèn,败阵,布阵,临阵
2364,振,zhèn,振奋,振作,精神不振
2365,镇,zhèn,城镇,乡镇,小镇
2366,震,zhèn,地震,余震,震颤
2367,争,zhēng,斗争,竞争,论争
2368,征,zhēng,长征,出征,特征
2369,挣,zhēng,扎挣,挣扎,挣揣
2370,睁,zhēng,睁开,睁眼,睁开眼睛
2371,蒸,zhēng,熏蒸,蒸发,蒸笼
2372,整,zhěng,调整,整改,整洁
2373,正,zhèng,更正,矫正,校正
2374,证,zhèng,保证,查证,的证
2375,郑,zhèng,郑重,郑州,彼郑之子
2376,政,zhèng,稗政,暴政,秕政
2377,症,zhèng,癌症,崩症,痹症
2378,之,zhī,之后,之际,之间
2379,支,zhī,地支,分支,干支
2380,汁,zhī,橙汁,果汁,墨汁
2381,芝,zhī,芝麻,东芝,灵芝
2382,枝,zhī,荔枝,蘖枝,树枝
2383,知,zhī,得知,告知,讵知
2384,织,zhī,编织,纺织,织布
2385,肢,zhī,四肢,肢体,胳肢窝
2386,脂,zhī,血脂,胭脂,油脂
2387,蜘,zhī,蜘蛛,蜘蛛网,白蜘蛛肉
2388,执,zhí,固执,争执,执拗
2389,直,zhí,绷直,笔直,垂直
2390,值,zhí,贬值,差值,价值
2391,职,zhí,褫职,辞职,调职
2392,植,zhí,扶植,培植,植物
2393,殖,zhí,繁殖,生殖,殖民
2394,止,zhǐ,遏止,防止,禁止
2395,只,zhǐ,船只,只身,只是
2396,旨,zhǐ,法旨,圣旨,意旨
2397,址,zhǐ,网址,遗址,原址
2398,纸,zhǐ,白纸,报纸,壁纸
2399,指,zhǐ,泛指,戒指,拇指
2400,趾,zhǐ,脚趾,蹼趾,趾甲
2401,至,zhì,备至,冬至,官至
2402,志,zhì,标志,得志,赍志
2403,制,zhì,编制,遏制,法制
2404,治,zhì,法治,统治,医治
2405,质,zhì,定质,品质,气质
2406,致,zhì,标致,别致,导致
2407,智,zhì,机智,理智,睿智
2408,置,zhì,布置,处置,措置
2409,中,zhōng,暗中,从中,当中
2410,忠,zhōng,尽忠,朴忠,效忠
2411,终,zhōng,告终,终场,终端
2412,钟,zhōng,编钟,吊钟,分钟
2413,肿,zhǒng,浮肿,血肿,臃肿
2414,种,zhǒng,播种,播种,稻种
2415,仲,zhòng,仲裁,仲父,仲夏
2416,众,zhòng,超众,出众,当众
2417,重,zhòng,惨重,侧重,超重
2418,州,zhōu,杭州,神州,漳州
2419,舟,zhōu,扁舟,荡舟,方舟
2420,周,zhōu,上周,下周,圆周
2421,洲,zhōu,大洲,绿洲,洲际
2422,轴,zhóu,轮轴,轴承,纵轴
2423,宙,zhòu,宇宙,岛宇宙,冥古宙
2424,皱,zhòu,弄皱,起皱,皱眉
2425,骤,zhòu,步骤,骤然,急骤
2426,朱,zhū,朱红色,朱比,朱笔
2427,株,zhū,守株待兔,菌株,母株
2428,珠,zhū,弹珠,露珠,眼珠
2429,诸,zhū,诸葛,诸侯,付诸东流
2430,猪,zhū,疣猪,猪倌,猪圈
2431,蛛,zhū,蜘蛛,蛛丝,蜘蛛网
2432,竹,zhú,斑竹,爆竹,炮竹
2433,烛,zhú,蜡烛,烛台,秉烛
2434,逐,zhú,鬯逐,角逐,驱逐
2435,主,zhǔ,版主,得主,地主
2436,煮,zhǔ,烧煮,煮饭,煮沸
2437,嘱,zhǔ,叮嘱,切嘱,遗嘱
2438,住,zhù,憋住,盯住,钉住
2439,助,zhù,帮助,补助,辅助
2440,注,zhù,备注,关注,笺注
2441,贮,zhù,存贮,贮藏,冬贮
2442,驻,zhù,派驻,驻跸,驻防
2443,柱,zhù,木柱,石柱,擎天大柱
2444,祝,zhù,庙祝,庆祝,祝福
2445,著,zhù,编著,大著,较著
2446,筑,zhù,建筑,筑路,建筑师
2447,抓,zhuā,被抓,抓到,抓痕
2448,爪,zhǎo,后爪,虎爪,鸡爪
2449,专,zhuān,专长,专访,专机
2450,砖,zhuān,砖块,砖坯,砖头
2451,转,zhuǎn,倒转,倒转,逆转
2452,赚,zhuàn,净赚,赚钱,赚大头
2453,庄,zhuāng,村庄,农庄,庄稼
2454,桩,zhuāng,打桩,界桩,木桩
2455,装,zhuāng,安装,包装,倒装
2456,壮,zhuàng,强壮,壮观,壮志
2457,状,zhuàng,惨状,供状,奖状
2458,撞,zhuàng,莽撞,相撞,撞骗
2459,追,zhuī,急追,追悼,追赶
2460,准,zhǔn,标准,瞄准,批准
2461,捉,zhuō,捕捉,擒捉,捉拿
2462,桌,zhuō,餐桌,方桌,供桌
2463,着,zhe,猜着,嗔着,穿着
2464,仔,zǎi,牛仔,仔细,牛仔裤
2465,兹,zī,挹彼注兹,迪兹,盖兹
2466,姿,zī,丰姿,姿媚,姿容
2467,资,zī,出资,个资,工资
2468,滋,zī,蕃滋,滋补,滋润
2469,籽,zǐ,菜籽,瓜籽,籽粒
2470,子,zi,鞍子,案子,巴子
2471,紫,zǐ,浅紫,紫晶,紫色
2472,字,zì,白字,单字,讹字
2473,自,zì,各自,尽自,来自
2474,宗,zōng,禅宗,朝宗,悟宗
2475,综,zōng,综合,综艺,错综
2476,棕,zōng,棕榈,棕色,棕榈树
2477,踪,zōng,跟踪,失踪,无踪
2478,总,zǒng,总裁,总额,总共
2479,纵,zòng,操纵,放纵,娇纵
2480,走,zǒu,搬走,奔走,夺走
2481,奏,zòu,伴奏,节奏,前奏
2482,租,zū,场租,出租,房租
2483,足,zú,缠足,充足,满足
2484,族,zú,傣族,侗族,贵族
2485,阻,zǔ,电阻,梗阻,拦阻
2486,组,zǔ,重组,词组,小组
2487,祖,zǔ,鼻祖,佛祖,祭祖
2488,钻,zuān,电钻,刁钻,钻井
2489,嘴,zuǐ,馋嘴,嘟嘴,强嘴
2490,最,zuì,最初,最佳,最近
2491,罪,zuì,得罪,犯罪,伏罪
2492,醉,zuì,喝醉,陶醉,醉汉
2493,尊,zūn,令尊,自尊,尊敬
2494,遵,zūn,遵从,遵命,遵守
2495,昨,zuó,昨日,昨天,昨晚
2496,左,zuǒ,左边,左脚,左肋
2497,作,zuò,操作,炒作,创作
2498,坐,zuò,蹲坐,趺坐,坐禅
2499,座,zuò,插座,入座,座位
2500,做,zuò,叫做,看做,做爱
